benchmark_id,measurement_id,benchmark_type,provenance,sex,population,age,modality,statistic,ideal_or_target,reference_range,tier1,tier2,tier3,tier4,tier5,tier6,tier7,source_ids,evidence_quality,definition_compatibility,benchmark_purpose,age_applicability,runtime_scoring_eligible,notes
FQPUB_FQ_H_001,FQ_H_001,FaceIQ public status,directly published by FaceIQ,Any,Unspecified,Adult,Photo/2D,,,,,,,,,,,FQ-HARMONY;FQ-SCORES,Unknown,exact,COMPETITOR_REFERENCE,ADULT_EVIDENCE,false,"Definition/formula is public. Exact numerical reference range, scoring curve and weight applicable to a sex/ethnicity setting are not publicly enumerated; result details reportedly show settings to signed-in users."
FQPUB_FQ_H_002,FQ_H_002,FaceIQ public status,directly published by FaceIQ,Any,Unspecified,Adult,Photo/2D,,,,,,,,,,,FQ-HARMONY;FQ-SCORES,Unknown,exact,COMPETITOR_REFERENCE,ADULT_EVIDENCE,false,"Definition/formula is public. Exact numerical reference range, scoring curve and weight applicable to a sex/ethnicity setting are not publicly enumerated; result details reportedly show settings to signed-in users."
FQPUB_FQ_H_003,FQ_H_003,FaceIQ public status,directly published by FaceIQ,Any,Unspecified,Adult,Photo/2D,,,,,,,,,,,FQ-HARMONY;FQ-SCORES,Unknown,exact,COMPETITOR_REFERENCE,ADULT_EVIDENCE,false,"Definition/formula is public. Exact numerical reference range, scoring curve and weight applicable to a sex/ethnicity setting are not publicly enumerated; result details reportedly show settings to signed-in users."
FQPUB_FQ_H_004,FQ_H_004,FaceIQ public status,directly published by FaceIQ,Any,Unspecified,Adult,Photo/2D,,,,,,,,,,,FQ-HARMONY;FQ-SCORES,Unknown,exact,COMPETITOR_REFERENCE,ADULT_EVIDENCE,false,"Definition/formula is public. Exact numerical reference range, scoring curve and weight applicable to a sex/ethnicity setting are not publicly enumerated; result details reportedly show settings to signed-in users."
FQPUB_FQ_H_005,FQ_H_005,FaceIQ public status,directly published by FaceIQ,Any,Unspecified,Adult,Photo/2D,,,,,,,,,,,FQ-HARMONY;FQ-SCORES,Unknown,exact,COMPETITOR_REFERENCE,ADULT_EVIDENCE,false,"Definition/formula is public. Exact numerical reference range, scoring curve and weight applicable to a sex/ethnicity setting are not publicly enumerated; result details reportedly show settings to signed-in users."
FQPUB_FQ_H_006,FQ_H_006,FaceIQ public status,directly published by FaceIQ,Any,Unspecified,Adult,Photo/2D,,,,,,,,,,,FQ-HARMONY;FQ-SCORES,Unknown,exact,COMPETITOR_REFERENCE,ADULT_EVIDENCE,false,"Definition/formula is public. Exact numerical reference range, scoring curve and weight applicable to a sex/ethnicity setting are not publicly enumerated; result details reportedly show settings to signed-in users."
FQPUB_FQ_H_007,FQ_H_007,FaceIQ public status,directly published by FaceIQ,Any,Unspecified,Adult,Photo/2D,,,,,,,,,,,FQ-HARMONY;FQ-SCORES,Unknown,exact,COMPETITOR_REFERENCE,ADULT_EVIDENCE,false,"Definition/formula is public. Exact numerical reference range, scoring curve and weight applicable to a sex/ethnicity setting are not publicly enumerated; result details reportedly show settings to signed-in users."
FQPUB_FQ_H_008,FQ_H_008,FaceIQ public status,directly published by FaceIQ,Any,Unspecified,Adult,Photo/2D,,,,,,,,,,,FQ-HARMONY;FQ-SCORES,Unknown,exact,COMPETITOR_REFERENCE,ADULT_EVIDENCE,false,"Definition/formula is public. Exact numerical reference range, scoring curve and weight applicable to a sex/ethnicity setting are not publicly enumerated; result details reportedly show settings to signed-in users."
FQPUB_FQ_H_009,FQ_H_009,FaceIQ public status,directly published by FaceIQ,Any,Unspecified,Adult,Photo/2D,,,,,,,,,,,FQ-HARMONY;FQ-SCORES,Unknown,exact,COMPETITOR_REFERENCE,ADULT_EVIDENCE,false,"Definition/formula is public. Exact numerical reference range, scoring curve and weight applicable to a sex/ethnicity setting are not publicly enumerated; result details reportedly show settings to signed-in users."
FQPUB_FQ_H_010,FQ_H_010,FaceIQ public status,directly published by FaceIQ,Any,Unspecified,Adult,Photo/2D,,,,,,,,,,,FQ-HARMONY;FQ-SCORES,Unknown,exact,COMPETITOR_REFERENCE,ADULT_EVIDENCE,false,"Definition/formula is public. Exact numerical reference range, scoring curve and weight applicable to a sex/ethnicity setting are not publicly enumerated; result details reportedly show settings to signed-in users."
FQPUB_FQ_H_011,FQ_H_011,FaceIQ public status,directly published by FaceIQ,Any,Unspecified,Adult,Photo/2D,,,,,,,,,,,FQ-HARMONY;FQ-SCORES,Unknown,exact,COMPETITOR_REFERENCE,ADULT_EVIDENCE,false,"Definition/formula is public. Exact numerical reference range, scoring curve and weight applicable to a sex/ethnicity setting are not publicly enumerated; result details reportedly show settings to signed-in users."
FQPUB_FQ_H_012,FQ_H_012,FaceIQ public status,directly published by FaceIQ,Any,Unspecified,Adult,Photo/2D,,,,,,,,,,,FQ-HARMONY;FQ-SCORES,Unknown,exact,COMPETITOR_REFERENCE,ADULT_EVIDENCE,false,"Definition/formula is public. Exact numerical reference range, scoring curve and weight applicable to a sex/ethnicity setting are not publicly enumerated; result details reportedly show settings to signed-in users."
FQPUB_FQ_H_013,FQ_H_013,FaceIQ public status,directly published by FaceIQ,Any,Unspecified,Adult,Photo/2D,,,,,,,,,,,FQ-HARMONY;FQ-SCORES,Unknown,exact,COMPETITOR_REFERENCE,ADULT_EVIDENCE,false,"Definition/formula is public. Exact numerical reference range, scoring curve and weight applicable to a sex/ethnicity setting are not publicly enumerated; result details reportedly show settings to signed-in users."
FQPUB_FQ_H_014,FQ_H_014,FaceIQ public status,directly published by FaceIQ,Any,Unspecified,Adult,Photo/2D,,,,,,,,,,,FQ-HARMONY;FQ-SCORES,Unknown,exact,COMPETITOR_REFERENCE,ADULT_EVIDENCE,false,"Definition/formula is public. Exact numerical reference range, scoring curve and weight applicable to a sex/ethnicity setting are not publicly enumerated; result details reportedly show settings to signed-in users."
FQPUB_FQ_H_015,FQ_H_015,FaceIQ public status,directly published by FaceIQ,Any,Unspecified,Adult,Photo/2D,,,,,,,,,,,FQ-HARMONY;FQ-SCORES,Unknown,exact,COMPETITOR_REFERENCE,ADULT_EVIDENCE,false,"Definition/formula is public. Exact numerical reference range, scoring curve and weight applicable to a sex/ethnicity setting are not publicly enumerated; result details reportedly show settings to signed-in users."
FQPUB_FQ_H_016,FQ_H_016,FaceIQ public status,directly published by FaceIQ,Any,Unspecified,Adult,Photo/2D,,,,,,,,,,,FQ-HARMONY;FQ-SCORES,Unknown,exact,COMPETITOR_REFERENCE,ADULT_EVIDENCE,false,"Definition/formula is public. Exact numerical reference range, scoring curve and weight applicable to a sex/ethnicity setting are not publicly enumerated; result details reportedly show settings to signed-in users."
FQPUB_FQ_H_017,FQ_H_017,FaceIQ public status,directly published by FaceIQ,Any,Unspecified,Adult,Photo/2D,,,,,,,,,,,FQ-HARMONY;FQ-SCORES,Unknown,exact,COMPETITOR_REFERENCE,ADULT_EVIDENCE,false,"Definition/formula is public. Exact numerical reference range, scoring curve and weight applicable to a sex/ethnicity setting are not publicly enumerated; result details reportedly show settings to signed-in users."
FQPUB_FQ_H_018,FQ_H_018,FaceIQ public status,directly published by FaceIQ,Any,Unspecified,Adult,Photo/2D,,,,,,,,,,,FQ-HARMONY;FQ-SCORES,Unknown,exact,COMPETITOR_REFERENCE,ADULT_EVIDENCE,false,"Definition/formula is public. Exact numerical reference range, scoring curve and weight applicable to a sex/ethnicity setting are not publicly enumerated; result details reportedly show settings to signed-in users."
FQPUB_FQ_H_019,FQ_H_019,FaceIQ public status,directly published by FaceIQ,Any,Unspecified,Adult,Photo/2D,,,,,,,,,,,FQ-HARMONY;FQ-SCORES,Unknown,exact,COMPETITOR_REFERENCE,ADULT_EVIDENCE,false,"Definition/formula is public. Exact numerical reference range, scoring curve and weight applicable to a sex/ethnicity setting are not publicly enumerated; result details reportedly show settings to signed-in users."
FQPUB_FQ_H_020,FQ_H_020,FaceIQ public status,directly published by FaceIQ,Any,Unspecified,Adult,Photo/2D,,,,,,,,,,,FQ-HARMONY;FQ-SCORES,Unknown,exact,COMPETITOR_REFERENCE,ADULT_EVIDENCE,false,"Definition/formula is public. Exact numerical reference range, scoring curve and weight applicable to a sex/ethnicity setting are not publicly enumerated; result details reportedly show settings to signed-in users."
FQPUB_FQ_H_021,FQ_H_021,FaceIQ public status,directly published by FaceIQ,Any,Unspecified,Adult,Photo/2D,,,,,,,,,,,FQ-HARMONY;FQ-SCORES,Unknown,exact,COMPETITOR_REFERENCE,ADULT_EVIDENCE,false,"Definition/formula is public. Exact numerical reference range, scoring curve and weight applicable to a sex/ethnicity setting are not publicly enumerated; result details reportedly show settings to signed-in users."
FQPUB_FQ_H_022,FQ_H_022,FaceIQ public status,directly published by FaceIQ,Any,Unspecified,Adult,Photo/2D,,,,,,,,,,,FQ-HARMONY;FQ-SCORES,Unknown,exact,COMPETITOR_REFERENCE,ADULT_EVIDENCE,false,"Definition/formula is public. Exact numerical reference range, scoring curve and weight applicable to a sex/ethnicity setting are not publicly enumerated; result details reportedly show settings to signed-in users."
FQPUB_FQ_H_023,FQ_H_023,FaceIQ public status,directly published by FaceIQ,Any,Unspecified,Adult,Photo/2D,,,,,,,,,,,FQ-HARMONY;FQ-SCORES,Unknown,exact,COMPETITOR_REFERENCE,ADULT_EVIDENCE,false,"Definition/formula is public. Exact numerical reference range, scoring curve and weight applicable to a sex/ethnicity setting are not publicly enumerated; result details reportedly show settings to signed-in users."
FQPUB_FQ_H_024,FQ_H_024,FaceIQ public status,directly published by FaceIQ,Any,Unspecified,Adult,Photo/2D,,,,,,,,,,,FQ-HARMONY;FQ-SCORES,Unknown,exact,COMPETITOR_REFERENCE,ADULT_EVIDENCE,false,"Definition/formula is public. Exact numerical reference range, scoring curve and weight applicable to a sex/ethnicity setting are not publicly enumerated; result details reportedly show settings to signed-in users."
FQPUB_FQ_H_025,FQ_H_025,FaceIQ public status,directly published by FaceIQ,Any,Unspecified,Adult,Photo/2D,,,,,,,,,,,FQ-HARMONY;FQ-SCORES,Unknown,exact,COMPETITOR_REFERENCE,ADULT_EVIDENCE,false,"Definition/formula is public. Exact numerical reference range, scoring curve and weight applicable to a sex/ethnicity setting are not publicly enumerated; result details reportedly show settings to signed-in users."
FQPUB_FQ_H_026,FQ_H_026,FaceIQ public status,directly published by FaceIQ,Any,Unspecified,Adult,Photo/2D,,,,,,,,,,,FQ-HARMONY;FQ-SCORES,Unknown,exact,COMPETITOR_REFERENCE,ADULT_EVIDENCE,false,"Definition/formula is public. Exact numerical reference range, scoring curve and weight applicable to a sex/ethnicity setting are not publicly enumerated; result details reportedly show settings to signed-in users."
FQPUB_FQ_H_027,FQ_H_027,FaceIQ public status,directly published by FaceIQ,Any,Unspecified,Adult,Photo/2D,,,,,,,,,,,FQ-HARMONY;FQ-SCORES,Unknown,exact,COMPETITOR_REFERENCE,ADULT_EVIDENCE,false,"Definition/formula is public. Exact numerical reference range, scoring curve and weight applicable to a sex/ethnicity setting are not publicly enumerated; result details reportedly show settings to signed-in users."
FQPUB_FQ_H_028,FQ_H_028,FaceIQ public status,directly published by FaceIQ,Any,Unspecified,Adult,Photo/2D,,,,,,,,,,,FQ-HARMONY;FQ-SCORES,Unknown,exact,COMPETITOR_REFERENCE,ADULT_EVIDENCE,false,"Definition/formula is public. Exact numerical reference range, scoring curve and weight applicable to a sex/ethnicity setting are not publicly enumerated; result details reportedly show settings to signed-in users."
FQPUB_FQ_H_029,FQ_H_029,FaceIQ public status,directly published by FaceIQ,Any,Unspecified,Adult,Photo/2D,,,,,,,,,,,FQ-HARMONY;FQ-SCORES,Unknown,exact,COMPETITOR_REFERENCE,ADULT_EVIDENCE,false,"Definition/formula is public. Exact numerical reference range, scoring curve and weight applicable to a sex/ethnicity setting are not publicly enumerated; result details reportedly show settings to signed-in users."
FQPUB_FQ_H_030,FQ_H_030,FaceIQ public status,directly published by FaceIQ,Any,Unspecified,Adult,Photo/2D,,,,,,,,,,,FQ-HARMONY;FQ-SCORES,Unknown,exact,COMPETITOR_REFERENCE,ADULT_EVIDENCE,false,"Definition/formula is public. Exact numerical reference range, scoring curve and weight applicable to a sex/ethnicity setting are not publicly enumerated; result details reportedly show settings to signed-in users."
FQPUB_FQ_H_031,FQ_H_031,FaceIQ public status,directly published by FaceIQ,Any,Unspecified,Adult,Photo/2D,,,,,,,,,,,FQ-HARMONY;FQ-SCORES,Unknown,exact,COMPETITOR_REFERENCE,ADULT_EVIDENCE,false,"Definition/formula is public. Exact numerical reference range, scoring curve and weight applicable to a sex/ethnicity setting are not publicly enumerated; result details reportedly show settings to signed-in users."
FQPUB_FQ_H_032,FQ_H_032,FaceIQ public status,directly published by FaceIQ,Any,Unspecified,Adult,Photo/2D,,,,,,,,,,,FQ-HARMONY;FQ-SCORES,Unknown,exact,COMPETITOR_REFERENCE,ADULT_EVIDENCE,false,"Definition/formula is public. Exact numerical reference range, scoring curve and weight applicable to a sex/ethnicity setting are not publicly enumerated; result details reportedly show settings to signed-in users."
FQPUB_FQ_H_033,FQ_H_033,FaceIQ public status,directly published by FaceIQ,Any,Unspecified,Adult,Photo/2D,,,,,,,,,,,FQ-HARMONY;FQ-SCORES,Unknown,exact,COMPETITOR_REFERENCE,ADULT_EVIDENCE,false,"Definition/formula is public. Exact numerical reference range, scoring curve and weight applicable to a sex/ethnicity setting are not publicly enumerated; result details reportedly show settings to signed-in users."
FQPUB_FQ_H_034,FQ_H_034,FaceIQ public status,directly published by FaceIQ,Any,Unspecified,Adult,Photo/2D,,,,,,,,,,,FQ-HARMONY;FQ-SCORES,Unknown,exact,COMPETITOR_REFERENCE,ADULT_EVIDENCE,false,"Definition/formula is public. Exact numerical reference range, scoring curve and weight applicable to a sex/ethnicity setting are not publicly enumerated; result details reportedly show settings to signed-in users."
FQPUB_FQ_H_035,FQ_H_035,FaceIQ public status,directly published by FaceIQ,Any,Unspecified,Adult,Photo/2D,,,,,,,,,,,FQ-HARMONY;FQ-SCORES,Unknown,exact,COMPETITOR_REFERENCE,ADULT_EVIDENCE,false,"Definition/formula is public. Exact numerical reference range, scoring curve and weight applicable to a sex/ethnicity setting are not publicly enumerated; result details reportedly show settings to signed-in users."
FQPUB_FQ_H_036,FQ_H_036,FaceIQ public status,directly published by FaceIQ,Any,Unspecified,Adult,Photo/2D,,,,,,,,,,,FQ-HARMONY;FQ-SCORES,Unknown,exact,COMPETITOR_REFERENCE,ADULT_EVIDENCE,false,"Definition/formula is public. Exact numerical reference range, scoring curve and weight applicable to a sex/ethnicity setting are not publicly enumerated; result details reportedly show settings to signed-in users."
FQPUB_FQ_H_037,FQ_H_037,FaceIQ public status,directly published by FaceIQ,Any,Unspecified,Adult,Photo/2D,,,,,,,,,,,FQ-HARMONY;FQ-SCORES,Unknown,exact,COMPETITOR_REFERENCE,ADULT_EVIDENCE,false,"Definition/formula is public. Exact numerical reference range, scoring curve and weight applicable to a sex/ethnicity setting are not publicly enumerated; result details reportedly show settings to signed-in users."
FQPUB_FQ_H_038,FQ_H_038,FaceIQ public status,directly published by FaceIQ,Any,Unspecified,Adult,Photo/2D,,≈130° in one male Caucasian silhouette study; FaceIQ target undisclosed,127–142° acceptable in that study,,,,,,,,FQ-HARMONY;FQ-SCORES,Unknown,exact,COMPETITOR_REFERENCE,ADULT_EVIDENCE,false,"Definition/formula is public. Exact numerical reference range, scoring curve and weight applicable to a sex/ethnicity setting are not publicly enumerated; result details reportedly show settings to signed-in users."
FQPUB_FQ_H_039,FQ_H_039,FaceIQ public status,directly published by FaceIQ,Any,Unspecified,Adult,Photo/2D,,,,,,,,,,,FQ-HARMONY;FQ-SCORES,Unknown,exact,COMPETITOR_REFERENCE,ADULT_EVIDENCE,false,"Definition/formula is public. Exact numerical reference range, scoring curve and weight applicable to a sex/ethnicity setting are not publicly enumerated; result details reportedly show settings to signed-in users."
FQPUB_FQ_H_040,FQ_H_040,FaceIQ public status,directly published by FaceIQ,Any,Unspecified,Adult,Photo/2D,,,,,,,,,,,FQ-HARMONY;FQ-SCORES,Unknown,exact,COMPETITOR_REFERENCE,ADULT_EVIDENCE,false,"Definition/formula is public. Exact numerical reference range, scoring curve and weight applicable to a sex/ethnicity setting are not publicly enumerated; result details reportedly show settings to signed-in users."
FQPUB_FQ_H_041,FQ_H_041,FaceIQ public status,directly published by FaceIQ,Any,Unspecified,Adult,Photo/2D,,,,,,,,,,,FQ-HARMONY;FQ-SCORES,Unknown,exact,COMPETITOR_REFERENCE,ADULT_EVIDENCE,false,"Definition/formula is public. Exact numerical reference range, scoring curve and weight applicable to a sex/ethnicity setting are not publicly enumerated; result details reportedly show settings to signed-in users."
FQPUB_FQ_H_042,FQ_H_042,FaceIQ public status,directly published by FaceIQ,Any,Unspecified,Adult,Photo/2D,,,,,,,,,,,FQ-HARMONY;FQ-SCORES,Unknown,exact,COMPETITOR_REFERENCE,ADULT_EVIDENCE,false,"Definition/formula is public. Exact numerical reference range, scoring curve and weight applicable to a sex/ethnicity setting are not publicly enumerated; result details reportedly show settings to signed-in users."
FQPUB_FQ_H_043,FQ_H_043,FaceIQ public status,directly published by FaceIQ,Any,Unspecified,Adult,Photo/2D,,,,,,,,,,,FQ-HARMONY;FQ-SCORES,Unknown,exact,COMPETITOR_REFERENCE,ADULT_EVIDENCE,false,"Definition/formula is public. Exact numerical reference range, scoring curve and weight applicable to a sex/ethnicity setting are not publicly enumerated; result details reportedly show settings to signed-in users."
FQPUB_FQ_H_044,FQ_H_044,FaceIQ public status,directly published by FaceIQ,Any,Unspecified,Adult,Photo/2D,,,,,,,,,,,FQ-HARMONY;FQ-SCORES,Unknown,exact,COMPETITOR_REFERENCE,ADULT_EVIDENCE,false,"Definition/formula is public. Exact numerical reference range, scoring curve and weight applicable to a sex/ethnicity setting are not publicly enumerated; result details reportedly show settings to signed-in users."
FQPUB_FQ_H_045,FQ_H_045,FaceIQ public status,directly published by FaceIQ,Any,Unspecified,Adult,Photo/2D,,,,,,,,,,,FQ-HARMONY;FQ-SCORES,Unknown,exact,COMPETITOR_REFERENCE,ADULT_EVIDENCE,false,"Definition/formula is public. Exact numerical reference range, scoring curve and weight applicable to a sex/ethnicity setting are not publicly enumerated; result details reportedly show settings to signed-in users."
FQPUB_FQ_H_046,FQ_H_046,FaceIQ public status,directly published by FaceIQ,Any,Unspecified,Adult,Photo/2D,,,,,,,,,,,FQ-HARMONY;FQ-SCORES,Unknown,exact,COMPETITOR_REFERENCE,ADULT_EVIDENCE,false,"Definition/formula is public. Exact numerical reference range, scoring curve and weight applicable to a sex/ethnicity setting are not publicly enumerated; result details reportedly show settings to signed-in users."
FQPUB_FQ_H_047,FQ_H_047,FaceIQ public status,directly published by FaceIQ,Any,Unspecified,Adult,Photo/2D,,,,,,,,,,,FQ-HARMONY;FQ-SCORES,Unknown,exact,COMPETITOR_REFERENCE,ADULT_EVIDENCE,false,"Definition/formula is public. Exact numerical reference range, scoring curve and weight applicable to a sex/ethnicity setting are not publicly enumerated; result details reportedly show settings to signed-in users."
FQPUB_FQ_H_048,FQ_H_048,FaceIQ public status,directly published by FaceIQ,Any,Unspecified,Adult,Photo/2D,,,,,,,,,,,FQ-HARMONY;FQ-SCORES,Unknown,exact,COMPETITOR_REFERENCE,ADULT_EVIDENCE,false,"Definition/formula is public. Exact numerical reference range, scoring curve and weight applicable to a sex/ethnicity setting are not publicly enumerated; result details reportedly show settings to signed-in users."
FQPUB_FQ_H_049,FQ_H_049,FaceIQ public status,directly published by FaceIQ,Any,Unspecified,Adult,Photo/2D,,,,,,,,,,,FQ-HARMONY;FQ-SCORES,Unknown,exact,COMPETITOR_REFERENCE,ADULT_EVIDENCE,false,"Definition/formula is public. Exact numerical reference range, scoring curve and weight applicable to a sex/ethnicity setting are not publicly enumerated; result details reportedly show settings to signed-in users."
FQPUB_FQ_H_050,FQ_H_050,FaceIQ public status,directly published by FaceIQ,Any,Unspecified,Adult,Photo/2D,,,,,,,,,,,FQ-HARMONY;FQ-SCORES,Unknown,exact,COMPETITOR_REFERENCE,ADULT_EVIDENCE,false,"Definition/formula is public. Exact numerical reference range, scoring curve and weight applicable to a sex/ethnicity setting are not publicly enumerated; result details reportedly show settings to signed-in users."
FQPUB_FQ_H_051,FQ_H_051,FaceIQ public status,directly published by FaceIQ,Any,Unspecified,Adult,Photo/2D,,"Study-dependent; examples: ~94–100° expert/small-photo studies, ~91–103° male & 101–109° female general-population study",Population and method dependent; see benchmarks,,,,,,,,FQ-HARMONY;FQ-SCORES,Unknown,exact,COMPETITOR_REFERENCE,ADULT_EVIDENCE,false,"Definition/formula is public. Exact numerical reference range, scoring curve and weight applicable to a sex/ethnicity setting are not publicly enumerated; result details reportedly show settings to signed-in users."
FQPUB_FQ_H_052,FQ_H_052,FaceIQ public status,directly published by FaceIQ,Any,Unspecified,Adult,Photo/2D,,≈30° in one male Caucasian silhouette study,27–36° acceptable in that study; population norms differ,,,,,,,,FQ-HARMONY;FQ-SCORES,Unknown,exact,COMPETITOR_REFERENCE,ADULT_EVIDENCE,false,"Definition/formula is public. Exact numerical reference range, scoring curve and weight applicable to a sex/ethnicity setting are not publicly enumerated; result details reportedly show settings to signed-in users."
FQPUB_FQ_H_053,FQ_H_053,FaceIQ public status,directly published by FaceIQ,Any,Unspecified,Adult,Photo/2D,,,,,,,,,,,FQ-HARMONY;FQ-SCORES,Unknown,exact,COMPETITOR_REFERENCE,ADULT_EVIDENCE,false,"Definition/formula is public. Exact numerical reference range, scoring curve and weight applicable to a sex/ethnicity setting are not publicly enumerated; result details reportedly show settings to signed-in users."
FQPUB_FQ_H_054,FQ_H_054,FaceIQ public status,directly published by FaceIQ,Any,Unspecified,Adult,Photo/2D,,,,,,,,,,,FQ-HARMONY;FQ-SCORES,Unknown,exact,COMPETITOR_REFERENCE,ADULT_EVIDENCE,false,"Definition/formula is public. Exact numerical reference range, scoring curve and weight applicable to a sex/ethnicity setting are not publicly enumerated; result details reportedly show settings to signed-in users."
FQPUB_FQ_H_055,FQ_H_055,FaceIQ public status,directly published by FaceIQ,Any,Unspecified,Adult,Photo/2D,,,,,,,,,,,FQ-HARMONY;FQ-SCORES,Unknown,exact,COMPETITOR_REFERENCE,ADULT_EVIDENCE,false,"Definition/formula is public. Exact numerical reference range, scoring curve and weight applicable to a sex/ethnicity setting are not publicly enumerated; result details reportedly show settings to signed-in users."
FQPUB_FQ_H_056,FQ_H_056,FaceIQ public status,directly published by FaceIQ,Any,Unspecified,Adult,Photo/2D,,,,,,,,,,,FQ-HARMONY;FQ-SCORES,Unknown,exact,COMPETITOR_REFERENCE,ADULT_EVIDENCE,false,"Definition/formula is public. Exact numerical reference range, scoring curve and weight applicable to a sex/ethnicity setting are not publicly enumerated; result details reportedly show settings to signed-in users."
FQPUB_FQ_H_057,FQ_H_057,FaceIQ public status,directly published by FaceIQ,Any,Unspecified,Adult,Photo/2D,,,,,,,,,,,FQ-HARMONY;FQ-SCORES,Unknown,exact,COMPETITOR_REFERENCE,ADULT_EVIDENCE,false,"Definition/formula is public. Exact numerical reference range, scoring curve and weight applicable to a sex/ethnicity setting are not publicly enumerated; result details reportedly show settings to signed-in users."
FQPUB_FQ_H_058,FQ_H_058,FaceIQ public status,directly published by FaceIQ,Any,Unspecified,Adult,Photo/2D,,,,,,,,,,,FQ-HARMONY;FQ-SCORES,Unknown,exact,COMPETITOR_REFERENCE,ADULT_EVIDENCE,false,"Definition/formula is public. Exact numerical reference range, scoring curve and weight applicable to a sex/ethnicity setting are not publicly enumerated; result details reportedly show settings to signed-in users."
FQPUB_FQ_H_059,FQ_H_059,FaceIQ public status,directly published by FaceIQ,Any,Unspecified,Adult,Photo/2D,,,,,,,,,,,FQ-HARMONY;FQ-SCORES,Unknown,exact,COMPETITOR_REFERENCE,ADULT_EVIDENCE,false,"Definition/formula is public. Exact numerical reference range, scoring curve and weight applicable to a sex/ethnicity setting are not publicly enumerated; result details reportedly show settings to signed-in users."
FQPUB_FQ_H_060,FQ_H_060,FaceIQ public status,directly published by FaceIQ,Any,Unspecified,Adult,Photo/2D,,,,,,,,,,,FQ-HARMONY;FQ-SCORES,Unknown,exact,COMPETITOR_REFERENCE,ADULT_EVIDENCE,false,"Definition/formula is public. Exact numerical reference range, scoring curve and weight applicable to a sex/ethnicity setting are not publicly enumerated; result details reportedly show settings to signed-in users."
FQPUB_FQ_H_061,FQ_H_061,FaceIQ public status,directly published by FaceIQ,Any,Unspecified,Adult,Photo/2D,,,,,,,,,,,FQ-HARMONY;FQ-SCORES,Unknown,exact,COMPETITOR_REFERENCE,ADULT_EVIDENCE,false,"Definition/formula is public. Exact numerical reference range, scoring curve and weight applicable to a sex/ethnicity setting are not publicly enumerated; result details reportedly show settings to signed-in users."
FQPUB_FQ_H_062,FQ_H_062,FaceIQ public status,directly published by FaceIQ,Any,Unspecified,Adult,Photo/2D,,,,,,,,,,,FQ-HARMONY;FQ-SCORES,Unknown,exact,COMPETITOR_REFERENCE,ADULT_EVIDENCE,false,"Definition/formula is public. Exact numerical reference range, scoring curve and weight applicable to a sex/ethnicity setting are not publicly enumerated; result details reportedly show settings to signed-in users."
FQPUB_FQ_H_063,FQ_H_063,FaceIQ public status,directly published by FaceIQ,Any,Unspecified,Adult,Photo/2D,,107–118° in one male Caucasian silhouette study,Up to ~140° acceptable in that paradigm,,,,,,,,FQ-HARMONY;FQ-SCORES,Unknown,exact,COMPETITOR_REFERENCE,ADULT_EVIDENCE,false,"Definition/formula is public. Exact numerical reference range, scoring curve and weight applicable to a sex/ethnicity setting are not publicly enumerated; result details reportedly show settings to signed-in users."
FQPUB_FQ_H_064,FQ_H_064,FaceIQ public status,directly published by FaceIQ,Any,Unspecified,Adult,Photo/2D,,,,,,,,,,,FQ-HARMONY;FQ-SCORES,Unknown,exact,COMPETITOR_REFERENCE,ADULT_EVIDENCE,false,"Definition/formula is public. Exact numerical reference range, scoring curve and weight applicable to a sex/ethnicity setting are not publicly enumerated; result details reportedly show settings to signed-in users."
FQPUB_FQ_H_065,FQ_H_065,FaceIQ public status,directly published by FaceIQ,Any,Unspecified,Adult,Photo/2D,,,,,,,,,,,FQ-HARMONY;FQ-SCORES,Unknown,exact,COMPETITOR_REFERENCE,ADULT_EVIDENCE,false,"Definition/formula is public. Exact numerical reference range, scoring curve and weight applicable to a sex/ethnicity setting are not publicly enumerated; result details reportedly show settings to signed-in users."
FQPUB_FQ_H_066,FQ_H_066,FaceIQ public status,directly published by FaceIQ,Any,Unspecified,Adult,Photo/2D,,,,,,,,,,,FQ-HARMONY;FQ-SCORES,Unknown,exact,COMPETITOR_REFERENCE,ADULT_EVIDENCE,false,"Definition/formula is public. Exact numerical reference range, scoring curve and weight applicable to a sex/ethnicity setting are not publicly enumerated; result details reportedly show settings to signed-in users."
FQPUB_FQ_H_067,FQ_H_067,FaceIQ public status,directly published by FaceIQ,Any,Unspecified,Adult,Photo/2D,,,,,,,,,,,FQ-HARMONY;FQ-SCORES,Unknown,exact,COMPETITOR_REFERENCE,ADULT_EVIDENCE,false,"Definition/formula is public. Exact numerical reference range, scoring curve and weight applicable to a sex/ethnicity setting are not publicly enumerated; result details reportedly show settings to signed-in users."
FQPUB_FQ_H_068,FQ_H_068,FaceIQ public status,directly published by FaceIQ,Any,Unspecified,Adult,Photo/2D,,,,,,,,,,,FQ-HARMONY;FQ-SCORES,Unknown,exact,COMPETITOR_REFERENCE,ADULT_EVIDENCE,false,"Definition/formula is public. Exact numerical reference range, scoring curve and weight applicable to a sex/ethnicity setting are not publicly enumerated; result details reportedly show settings to signed-in users."
FQPUB_FQ_H_069,FQ_H_069,FaceIQ public status,directly published by FaceIQ,Any,Unspecified,Adult,Photo/2D,,90–100° in one silhouette preference study,90–105° acceptable in that paradigm,,,,,,,,FQ-HARMONY;FQ-SCORES,Unknown,exact,COMPETITOR_REFERENCE,ADULT_EVIDENCE,false,"Definition/formula is public. Exact numerical reference range, scoring curve and weight applicable to a sex/ethnicity setting are not publicly enumerated; result details reportedly show settings to signed-in users."
FQPUB_FQ_H_070,FQ_H_070,FaceIQ public status,directly published by FaceIQ,Any,Unspecified,Adult,Photo/2D,,,,,,,,,,,FQ-HARMONY;FQ-SCORES,Unknown,exact,COMPETITOR_REFERENCE,ADULT_EVIDENCE,false,"Definition/formula is public. Exact numerical reference range, scoring curve and weight applicable to a sex/ethnicity setting are not publicly enumerated; result details reportedly show settings to signed-in users."
FQPUB_FQ_H_071,FQ_H_071,FaceIQ public status,directly published by FaceIQ,Any,Unspecified,Adult,Photo/2D,,,,,,,,,,,FQ-HARMONY;FQ-SCORES,Unknown,exact,COMPETITOR_REFERENCE,ADULT_EVIDENCE,false,"Definition/formula is public. Exact numerical reference range, scoring curve and weight applicable to a sex/ethnicity setting are not publicly enumerated; result details reportedly show settings to signed-in users."
COMM_FQ_H_009,FQ_H_009,community tier system,published by BP/community system,Any,Unspecified,Adult,Photo/2D,,,,M 44.3–47.7%; F 45–47.9%,0.1–0.5 pp deviation,0.6–1.0 pp deviation,1.1–1.5 pp deviation,1.6–2.3 pp deviation,2.4–2.5 pp deviation,>2.5 pp deviation,COMM-PDF-2026;COMM-FRONT-2026,Low,exact-to-community-definition,COMMUNITY_CONVENTION,ADULT_EVIDENCE,false,Use only as a separately labeled community convention. Some source cells are ambiguous/non-monotonic; preserve source text rather than silently repairing.
COMM_FQ_H_001,FQ_H_001,community tier system,published by BP/community system,Any,Unspecified,Adult,Photo/2D,,,,Each facial third within 1–3 pp of 33%,4 pp deviation,5 pp,6 pp,7 pp,>7–8 pp (source discrepancy),,COMM-PDF-2026;COMM-FRONT-2026,Low,exact-to-community-definition,COMMUNITY_CONVENTION,ADULT_EVIDENCE,false,Use only as a separately labeled community convention. Some source cells are ambiguous/non-monotonic; preserve source text rather than silently repairing.
COMM_FQ_H_002,FQ_H_002,community tier system,published by BP/community system,Any,Unspecified,Adult,Photo/2D,,,,Each facial third within 1–3 pp of 33%,4 pp deviation,5 pp,6 pp,7 pp,>7–8 pp (source discrepancy),,COMM-PDF-2026;COMM-FRONT-2026,Low,exact-to-community-definition,COMMUNITY_CONVENTION,ADULT_EVIDENCE,false,Use only as a separately labeled community convention. Some source cells are ambiguous/non-monotonic; preserve source text rather than silently repairing.
COMM_FQ_H_003,FQ_H_003,community tier system,published by BP/community system,Any,Unspecified,Adult,Photo/2D,,,,Each facial third within 1–3 pp of 33%,4 pp deviation,5 pp,6 pp,7 pp,>7–8 pp (source discrepancy),,COMM-PDF-2026;COMM-FRONT-2026,Low,exact-to-community-definition,COMMUNITY_CONVENTION,ADULT_EVIDENCE,false,Use only as a separately labeled community convention. Some source cells are ambiguous/non-monotonic; preserve source text rather than silently repairing.
COMM_FQ_H_012,FQ_H_012,community tier system,published by BP/community system,Any,Unspecified,Adult,Photo/2D,,,,M 5–8.5°; F 6–9.5°,0.1–1.25° outside T1,1.26–2.99° outside,M 0–2°; F 0–3° (non-monotonic source),−1 or −2°,ambiguous “>(−2)” in source,,COMM-PDF-2026;COMM-FRONT-2026,Low,exact-to-community-definition,COMMUNITY_CONVENTION,ADULT_EVIDENCE,false,Use only as a separately labeled community convention. Some source cells are ambiguous/non-monotonic; preserve source text rather than silently repairing.
COMM_FQ_H_004,FQ_H_004,community tier system,published by BP/community system,Any,Unspecified,Adult,Photo/2D,,,,1.90–2.06,0.01–0.07 outside,0.08–0.10,0.11–0.12,2.19–2.23 or 1.70–1.77,>2.23,1.55–1.69,COMM-PDF-2026;COMM-FRONT-2026,Low,exact-to-community-definition,COMMUNITY_CONVENTION,ADULT_EVIDENCE,false,Use only as a separately labeled community convention. Some source cells are ambiguous/non-monotonic; preserve source text rather than silently repairing.
COMM_FQ_H_030,FQ_H_030,community tier system,published by BP/community system,Any,Unspecified,Adult,Photo/2D,,,,M 84–95°; F 86–97°,0.1–3° outside,4–5°,6–10°,11–15°,16–20°,>20°,COMM-PDF-2026;COMM-FRONT-2026,Low,exact-to-community-definition,COMMUNITY_CONVENTION,ADULT_EVIDENCE,false,Use only as a separately labeled community convention. Some source cells are ambiguous/non-monotonic; preserve source text rather than silently repairing.
COMM_FQ_H_008,FQ_H_008,community tier system,published by BP/community system,Any,Unspecified,Adult,Photo/2D,,,,≥81%,76–80%,70–75%,66–69%,60–65%,56–59%,<56%,COMM-PDF-2026;COMM-FRONT-2026,Low,exact-to-community-definition,COMMUNITY_CONVENTION,ADULT_EVIDENCE,false,Use only as a separately labeled community convention. Some source cells are ambiguous/non-monotonic; preserve source text rather than silently repairing.
COMM_FQ_H_005,FQ_H_005,community tier system,published by BP/community system,Any,Unspecified,Adult,Photo/2D,,,,M 1.33–1.38; F 1.29–1.33,0.01–0.05 outside,0.06–0.08,0.09–0.10,0.11–0.12,0.13–0.16,>0.16,COMM-PDF-2026;COMM-FRONT-2026,Low,exact-to-community-definition,COMMUNITY_CONVENTION,ADULT_EVIDENCE,false,Use only as a separately labeled community convention. Some source cells are ambiguous/non-monotonic; preserve source text rather than silently repairing.
COMM_FQ_H_032,FQ_H_032,community tier system,published by BP/community system,Any,Unspecified,Adult,Photo/2D,,,,M 85–92%; F 82–89%,0.1–2 pp outside,3–5 pp,6–7 pp,8–11 pp,12–16 pp,>16 pp,COMM-PDF-2026;COMM-FRONT-2026,Low,exact-to-community-definition,COMMUNITY_CONVENTION,ADULT_EVIDENCE,false,Use only as a separately labeled community convention. Some source cells are ambiguous/non-monotonic; preserve source text rather than silently repairing.
COMM_FQ_H_029,FQ_H_029,community tier system,published by BP/community system,Any,Unspecified,Adult,Photo/2D,,,,M 2.05–2.55; F 2.00–2.50,0.01–0.10 outside,0.11–0.25,0.26–0.50,0.51–1.00,>1.00,,COMM-PDF-2026;COMM-FRONT-2026,Low,exact-to-community-definition,COMMUNITY_CONVENTION,ADULT_EVIDENCE,false,Use only as a separately labeled community convention. Some source cells are ambiguous/non-monotonic; preserve source text rather than silently repairing.
COMM_FQ_H_036,FQ_H_036,community tier system,published by BP/community system,Any,Unspecified,Adult,Photo/2D,,,,M ≥90%; F 75–85%,1–5 pp outside,6–10 pp,11–15 pp,16–20 pp,>20 pp,,COMM-PDF-2026;COMM-FRONT-2026,Low,exact-to-community-definition,COMMUNITY_CONVENTION,ADULT_EVIDENCE,false,Use only as a separately labeled community convention. Some source cells are ambiguous/non-monotonic; preserve source text rather than silently repairing.
COMM_FQ_H_026,FQ_H_026,community tier system,published by BP/community system,Any,Unspecified,Adult,Photo/2D,,,,M 1.38–1.53; F 1.45–1.67,0.01–0.04 outside,0.05–0.08,0.09–0.12,0.13–0.16,>0.16,,COMM-PDF-2026;COMM-FRONT-2026,Low,exact-to-community-definition,COMMUNITY_CONVENTION,ADULT_EVIDENCE,false,Use only as a separately labeled community convention. Some source cells are ambiguous/non-monotonic; preserve source text rather than silently repairing.
COMM_FQ_H_006,FQ_H_006,community tier system,published by BP/community system,Any,Unspecified,Adult,Photo/2D,,,,M 0.93–1.01; F 1.00–1.10,0.01–0.02 outside,0.03–0.05,0.06–0.08,0.09–0.13,>0.13,,COMM-PDF-2026;COMM-FRONT-2026,Low,exact-to-community-definition,COMMUNITY_CONVENTION,ADULT_EVIDENCE,false,Use only as a separately labeled community convention. Some source cells are ambiguous/non-monotonic; preserve source text rather than silently repairing.
COMM_FQ_H_014,FQ_H_014,community tier system,published by BP/community system,Any,Unspecified,Adult,Photo/2D,,,,M <0.66; F 0.40–0.85,M .66–.95; F .86–1.20,M .96–1.20; F 1.21–1.50,M 1.21–1.50; F 1.51–1.80,M 1.51–1.80; F 1.81–2.0,M >1.80; F >2.0,,COMM-PDF-2026;COMM-FRONT-2026,Low,exact-to-community-definition,COMMUNITY_CONVENTION,ADULT_EVIDENCE,false,Use only as a separately labeled community convention. Some source cells are ambiguous/non-monotonic; preserve source text rather than silently repairing.
COMM_FQ_H_011,FQ_H_011,community tier system,published by BP/community system,Any,Unspecified,Adult,Photo/2D,,,,0.95–1.05,0.01–0.03 outside,0.04–0.08,0.09–0.13,0.14–0.20,>0.20,,COMM-PDF-2026;COMM-FRONT-2026,Low,exact-to-community-definition,COMMUNITY_CONVENTION,ADULT_EVIDENCE,false,Use only as a separately labeled community convention. Some source cells are ambiguous/non-monotonic; preserve source text rather than silently repairing.
COMM_FQ_H_010,FQ_H_010,community tier system,published by BP/community system,Any,Unspecified,Adult,Photo/2D,,,,M 2.8–3.6; F 2.5–3.3,0.01–0.2 outside,0.3–0.4,0.5–0.6,0.7–0.8,>0.8,,COMM-PDF-2026;COMM-FRONT-2026,Low,exact-to-community-definition,COMMUNITY_CONVENTION,ADULT_EVIDENCE,false,Use only as a separately labeled community convention. Some source cells are ambiguous/non-monotonic; preserve source text rather than silently repairing.
COMM_FQ_H_024,FQ_H_024,community tier system,published by BP/community system,Any,Unspecified,Adult,Photo/2D,,,,1.4–2.0,0.01–0.2 outside,0.3–0.4,0.5–0.6,0.7–0.8,>0.8,,COMM-PDF-2026;COMM-FRONT-2026,Low,exact-to-community-definition,COMMUNITY_CONVENTION,ADULT_EVIDENCE,false,Use only as a separately labeled community convention. Some source cells are ambiguous/non-monotonic; preserve source text rather than silently repairing.
COMM_FQ_H_022,FQ_H_022,community tier system,published by BP/community system,Any,Unspecified,Adult,Photo/2D,,,,0–5°,6–10°,11–15°,16–18°,19–20°,>20°,,COMM-PDF-2026;COMM-FRONT-2026,Low,exact-to-community-definition,COMMUNITY_CONVENTION,ADULT_EVIDENCE,false,Use only as a separately labeled community convention. Some source cells are ambiguous/non-monotonic; preserve source text rather than silently repairing.
COMM_FQ_H_013,FQ_H_013,community tier system,published by BP/community system,Any,Unspecified,Adult,Photo/2D,,,,M 5–13°; F 11–19°,0.1–5° outside,Source has sex/positive-tilt exceptions,M 0 to −3°; F 3–0°,M −4 to −5°; F −1 to −3°,source inequality ambiguous,,COMM-PDF-2026;COMM-FRONT-2026,Low,exact-to-community-definition,COMMUNITY_CONVENTION,ADULT_EVIDENCE,false,Use only as a separately labeled community convention. Some source cells are ambiguous/non-monotonic; preserve source text rather than silently repairing.
COMM_FQ_H_007,FQ_H_007,community tier system,published by BP/community system,Any,Unspecified,Adult,Photo/2D,,,,M 84–95%; F 79–92%,0.1–3 pp outside,4–5 pp,6–8 pp,9–13 pp,>13 pp,,COMM-PDF-2026;COMM-FRONT-2026,Low,exact-to-community-definition,COMMUNITY_CONVENTION,ADULT_EVIDENCE,false,Use only as a separately labeled community convention. Some source cells are ambiguous/non-monotonic; preserve source text rather than silently repairing.
COMM_FQ_H_033,FQ_H_033,community tier system,published by BP/community system,Any,Unspecified,Adult,Photo/2D,,,,1–3 pp deviation from 33%,4 pp,5 pp,6 pp,7 pp,>7 pp,,COMM-PDF-2026;COMM-FRONT-2026,Low,exact-to-community-definition,COMMUNITY_CONVENTION,ADULT_EVIDENCE,false,Use only as a separately labeled community convention. Some source cells are ambiguous/non-monotonic; preserve source text rather than silently repairing.
COMM_FQ_H_021,FQ_H_021,community tier system,published by BP/community system,Any,Unspecified,Adult,Photo/2D,,,,M 84–95°; F 86–97°,0.1–2° outside,3–5°,>5°,,,,COMM-PDF-2026;COMM-FRONT-2026,Low,exact-to-community-definition,COMMUNITY_CONVENTION,ADULT_EVIDENCE,false,Use only as a separately labeled community convention. Some source cells are ambiguous/non-monotonic; preserve source text rather than silently repairing.
COMM_FQ_H_064,FQ_H_064,community tier system,published by BP/community system,Any,Unspecified,Adult,Photo/2D,,,,M 112–123°; F 114–126°,0.1–2° outside,3–5°,6–8°,9–15°,>15°,,COMM-PDF-2026,Low,exact-to-community-definition,COMMUNITY_CONVENTION,ADULT_EVIDENCE,false,Use only as a separately labeled community convention. Some source cells are ambiguous/non-monotonic; preserve source text rather than silently repairing.
COMM_FQ_H_038,FQ_H_038,community tier system,published by BP/community system,Any,Unspecified,Adult,Photo/2D,,,,M 106–129°; F 118–137°,0.1–5° outside,6–9°,10–12°,13–18°,>18°,,COMM-PDF-2026,Low,exact-to-community-definition,COMMUNITY_CONVENTION,ADULT_EVIDENCE,false,Use only as a separately labeled community convention. Some source cells are ambiguous/non-monotonic; preserve source text rather than silently repairing.
COMM_FQ_H_065,FQ_H_065,community tier system,published by BP/community system,Any,Unspecified,Adult,Photo/2D,,,,M 15–22°; F 15–23°,14° or M 23–28° / F 24–28°,12–13° or 29–30°,10–11° or 31–35°,<10° or >35°,,,COMM-PDF-2026,Low,exact-to-community-definition,COMMUNITY_CONVENTION,ADULT_EVIDENCE,false,Use only as a separately labeled community convention. Some source cells are ambiguous/non-monotonic; preserve source text rather than silently repairing.
COMM_FQ_H_066,FQ_H_066,community tier system,published by BP/community system,Any,Unspecified,Adult,Photo/2D,,,,0.59–0.77,0.01–0.03 outside,0.04–0.05,0.06–0.10,0.11–0.15,>0.15,,COMM-PDF-2026,Low,exact-to-community-definition,COMMUNITY_CONVENTION,ADULT_EVIDENCE,false,Use only as a separately labeled community convention. Some source cells are ambiguous/non-monotonic; preserve source text rather than silently repairing.
COMM_FQ_H_041,FQ_H_041,community tier system,published by BP/community system,Any,Unspecified,Adult,Photo/2D,,,,168–176°,0.1–3° outside,4–5°,6–8°,>9°,,,COMM-PDF-2026,Low,exact-to-community-definition,COMMUNITY_CONVENTION,ADULT_EVIDENCE,false,Use only as a separately labeled community convention. Some source cells are ambiguous/non-monotonic; preserve source text rather than silently repairing.
COMM_FQ_H_069,FQ_H_069,community tier system,published by BP/community system,Any,Unspecified,Adult,Photo/2D,,,,90–105°,0.1–5° outside,6–15°,16–20°,>20°,,,COMM-PDF-2026,Low,exact-to-community-definition,COMMUNITY_CONVENTION,ADULT_EVIDENCE,false,Use only as a separately labeled community convention. Some source cells are ambiguous/non-monotonic; preserve source text rather than silently repairing.
COMM_FQ_H_052,FQ_H_052,community tier system,published by BP/community system,Any,Unspecified,Adult,Photo/2D,,,,30–36°,37–40°,28–29° or 41–42°,26–27° or 43–44°,23–25° or 45–46°,<23° or >46°,,COMM-PDF-2026,Low,exact-to-community-definition,COMMUNITY_CONVENTION,ADULT_EVIDENCE,false,Use only as a separately labeled community convention. Some source cells are ambiguous/non-monotonic; preserve source text rather than silently repairing.
COMM_FQ_H_051,FQ_H_051,community tier system,published by BP/community system,Any,Unspecified,Adult,Photo/2D,,,,M 94–118°; F 96–119°,0.1–4° outside,5–7°,8–12°,13–15°,16–18°,>18°,COMM-PDF-2026,Low,exact-to-community-definition,COMMUNITY_CONVENTION,ADULT_EVIDENCE,false,Use only as a separately labeled community convention. Some source cells are ambiguous/non-monotonic; preserve source text rather than silently repairing.
COMM_FQ_H_044,FQ_H_044,community tier system,published by BP/community system,Any,Unspecified,Adult,Photo/2D,,,,Positive,Slightly positive,Neutral,Slightly negative,Very negative,,,COMM-PDF-2026,Low,exact-to-community-definition,COMMUNITY_CONVENTION,ADULT_EVIDENCE,false,Use only as a separately labeled community convention. Some source cells are ambiguous/non-monotonic; preserve source text rather than silently repairing.
COMM_FQ_H_042,FQ_H_042,community tier system,published by BP/community system,Any,Unspecified,Adult,Photo/2D,,,,137–148°,0.1–2° outside,3–4°,130–132° or 153–156°,127–129° or 157–159°,<127° or ≥160°,,COMM-PDF-2026,Low,exact-to-community-definition,COMMUNITY_CONVENTION,ADULT_EVIDENCE,false,Use only as a separately labeled community convention. Some source cells are ambiguous/non-monotonic; preserve source text rather than silently repairing.
COMM_FQ_H_063,FQ_H_063,community tier system,published by BP/community system,Any,Unspecified,Adult,Photo/2D,,,,110–130°,0.1–5° outside,6–10°,11–15°,16–20°,>20°,,COMM-PDF-2026,Low,exact-to-community-definition,COMMUNITY_CONVENTION,ADULT_EVIDENCE,false,Use only as a separately labeled community convention. Some source cells are ambiguous/non-monotonic; preserve source text rather than silently repairing.
COMM_FQ_H_040,FQ_H_040,community tier system,published by BP/community system,Any,Unspecified,Adult,Photo/2D,,,,163–171°,0.1–3° outside,4–5°,6–7°,>7°,,,COMM-PDF-2026,Low,exact-to-community-definition,COMMUNITY_CONVENTION,ADULT_EVIDENCE,false,Use only as a separately labeled community convention. Some source cells are ambiguous/non-monotonic; preserve source text rather than silently repairing.
COMM_FQ_H_048,FQ_H_048,community tier system,published by BP/community system,Any,Unspecified,Adult,Photo/2D,,,,M 0.55–0.68; F 0.55–0.60,0.01–0.05 outside,0.06–0.10,>0.10,,,,COMM-PDF-2026,Low,exact-to-community-definition,COMMUNITY_CONVENTION,ADULT_EVIDENCE,false,Use only as a separately labeled community convention. Some source cells are ambiguous/non-monotonic; preserve source text rather than silently repairing.
COMM_FQ_H_054,FQ_H_054,community tier system,published by BP/community system,Any,Unspecified,Adult,Photo/2D,,,,M 0.62–0.88; F 0.68–0.93,0.01–0.05 outside,0.06–0.10,>0.10,,,,COMM-PDF-2026,Low,exact-to-community-definition,COMMUNITY_CONVENTION,ADULT_EVIDENCE,false,Use only as a separately labeled community convention. Some source cells are ambiguous/non-monotonic; preserve source text rather than silently repairing.
COMM_FQ_H_058,FQ_H_058,community tier system,published by BP/community system,Any,Unspecified,Adult,Photo/2D,,,,Upper lip 4 mm / lower 2 mm behind line; ≈50% relation,>25% deviation from stated ratio,Either lip touches/passes tangent or upper ahead of lower,,,,,COMM-PDF-2026,Low,approximate,COMMUNITY_CONVENTION,ADULT_EVIDENCE,false,Use only as a separately labeled community convention. Some source cells are ambiguous/non-monotonic; preserve source text rather than silently repairing.
COMM_FQ_H_059,FQ_H_059,community tier system,published by BP/community system,Any,Unspecified,Adult,Photo/2D,,,,Upper lip 4 mm / lower 2 mm behind line; ≈50% relation,>25% deviation from stated ratio,Either lip touches/passes tangent or upper ahead of lower,,,,,COMM-PDF-2026,Low,approximate,COMMUNITY_CONVENTION,ADULT_EVIDENCE,false,Use only as a separately labeled community convention. Some source cells are ambiguous/non-monotonic; preserve source text rather than silently repairing.
COMM_FQ_H_062,FQ_H_062,community tier system,published by BP/community system,Any,Unspecified,Adult,Photo/2D,,,,Lower lip touches H-line,Slightly behind,Passes or far behind line,,,,,COMM-PDF-2026,Low,approximate,COMMUNITY_CONVENTION,ADULT_EVIDENCE,false,Use only as a separately labeled community convention. Some source cells are ambiguous/non-monotonic; preserve source text rather than silently repairing.
COMM_FQ_H_056,FQ_H_056,community tier system,published by BP/community system,Any,Unspecified,Adult,Photo/2D,,,,Both lips touch S-line,One lip behind,One passes or both behind,,,,,COMM-PDF-2026,Low,exact-to-community-definition,COMMUNITY_CONVENTION,ADULT_EVIDENCE,false,Use only as a separately labeled community convention. Some source cells are ambiguous/non-monotonic; preserve source text rather than silently repairing.
COMM_FQ_H_057,FQ_H_057,community tier system,published by BP/community system,Any,Unspecified,Adult,Photo/2D,,,,Both lips touch S-line,One lip behind,One passes or both behind,,,,,COMM-PDF-2026,Low,exact-to-community-definition,COMMUNITY_CONVENTION,ADULT_EVIDENCE,false,Use only as a separately labeled community convention. Some source cells are ambiguous/non-monotonic; preserve source text rather than silently repairing.
COMM_FQ_H_060,FQ_H_060,community tier system,published by BP/community system,Any,Unspecified,Adult,Photo/2D,,,,Upper 3.5 mm / lower 2.2 mm; ≈63% relation,Upper/lower about same distance,Lower passes upper or lies at/behind line,,,,,COMM-PDF-2026,Low,approximate,COMMUNITY_CONVENTION,ADULT_EVIDENCE,false,Use only as a separately labeled community convention. Some source cells are ambiguous/non-monotonic; preserve source text rather than silently repairing.
COMM_FQ_H_061,FQ_H_061,community tier system,published by BP/community system,Any,Unspecified,Adult,Photo/2D,,,,Upper 3.5 mm / lower 2.2 mm; ≈63% relation,Upper/lower about same distance,Lower passes upper or lies at/behind line,,,,,COMM-PDF-2026,Low,approximate,COMMUNITY_CONVENTION,ADULT_EVIDENCE,false,Use only as a separately labeled community convention. Some source cells are ambiguous/non-monotonic; preserve source text rather than silently repairing.
COMM_FQ_H_053,FQ_H_053,community tier system,published by BP/community system,Any,Unspecified,Adult,Photo/2D,,,,125–132°,120–124°,118–119° or 133–134°,116–117° or 135°,114–115° or 136°,<114° or >136°,,COMM-PDF-2026,Low,exact-to-community-definition,COMMUNITY_CONVENTION,ADULT_EVIDENCE,false,Use only as a separately labeled community convention. Some source cells are ambiguous/non-monotonic; preserve source text rather than silently repairing.
COMM_FQ_H_067,FQ_H_067,community tier system,published by BP/community system,Any,Unspecified,Adult,Photo/2D,,,,Below mouth line,In line,Slightly above,Extremely above,,,,COMM-PDF-2026,Low,exact-to-community-definition,COMMUNITY_CONVENTION,ADULT_EVIDENCE,false,Use only as a separately labeled community convention. Some source cells are ambiguous/non-monotonic; preserve source text rather than silently repairing.
COMM_FQ_H_068,FQ_H_068,community tier system,published by BP/community system,Any,Unspecified,Adult,Photo/2D,,,,In line with or anterior to nasion,Slightly behind nasion,Moderate recession,Extremely recessed / in line with or behind eye orbit,,,,COMM-PDF-2026,Low,exact-to-community-definition,COMMUNITY_CONVENTION,ADULT_EVIDENCE,false,Use only as a separately labeled community convention. Some source cells are ambiguous/non-monotonic; preserve source text rather than silently repairing.
COMM_FQ_H_037,FQ_H_037,community tier system,published by BP/community system,Any,Unspecified,Adult,Photo/2D,,,,M 12–23°; F 10–19°,0.1–3° outside,4–5°,6–8°,9–12°,>12°,,COMM-PDF-2026,Low,exact-to-community-definition,COMMUNITY_CONVENTION,ADULT_EVIDENCE,false,Use only as a separately labeled community convention. Some source cells are ambiguous/non-monotonic; preserve source text rather than silently repairing.
COMM_FQ_H_049,FQ_H_049,community tier system,published by BP/community system,Any,Unspecified,Adult,Photo/2D,,,,M 112–125°; F 118–131°,0.1–3° outside,4–7°,8–12°,13–15°,>15°,,COMM-PDF-2026,Low,exact-to-community-definition,COMMUNITY_CONVENTION,ADULT_EVIDENCE,false,Use only as a separately labeled community convention. Some source cells are ambiguous/non-monotonic; preserve source text rather than silently repairing.
FARKAS_NAW_R_ANTH_TRN_M,R_ANTH_TRN,normative population,directly supported by research,Male,North American White,18–30,Direct anthropometry,mean 70.1 mm; SD 6.4,,57.3–82.9,66.9–73.3,63.7–66.9 or 73.3–76.5,60.5–63.7 or 76.5–79.7,57.3–60.5 or 79.7–82.9,<57.3 or >82.9,,,FARKAS-2005,High,exact for direct anthropometry,POPULATION_NORM,ADULT_EVIDENCE,false,"T1–T5 are assistant-derived reference-proximity bins from |z|: ≤0.5, 0.5–1, 1–1.5, 1.5–2, >2 SD. They are NOT attractiveness tiers. Normal/reference range shown as mean±2 SD, also derived."
FARKAS_NAW_R_ANTH_TRN_F,R_ANTH_TRN,normative population,directly supported by research,Female,North American White,18–30,Direct anthropometry,mean 63.3 mm; SD 6.4,,50.5–76.1,60.1–66.5,56.9–60.1 or 66.5–69.7,53.7–56.9 or 69.7–72.9,50.5–53.7 or 72.9–76.1,<50.5 or >76.1,,,FARKAS-2005,High,exact for direct anthropometry,POPULATION_NORM,ADULT_EVIDENCE,false,"T1–T5 are assistant-derived reference-proximity bins from |z|: ≤0.5, 0.5–1, 1–1.5, 1.5–2, >2 SD. They are NOT attractiveness tiers. Normal/reference range shown as mean±2 SD, also derived."
FARKAS_NAW_R_ANTH_TRGN_M,R_ANTH_TRGN,normative population,directly supported by research,Male,North American White,18–30,Direct anthropometry,mean 187.5 mm; SD 8.1,,171.3–203.7,183.4–191.6,179.4–183.4 or 191.6–195.6,175.3–179.4 or 195.6–199.7,171.3–175.3 or 199.7–203.7,<171.3 or >203.7,,,FARKAS-2005,High,exact for direct anthropometry,POPULATION_NORM,ADULT_EVIDENCE,false,"T1–T5 are assistant-derived reference-proximity bins from |z|: ≤0.5, 0.5–1, 1–1.5, 1.5–2, >2 SD. They are NOT attractiveness tiers. Normal/reference range shown as mean±2 SD, also derived."
FARKAS_NAW_R_ANTH_TRGN_F,R_ANTH_TRGN,normative population,directly supported by research,Female,North American White,18–30,Direct anthropometry,mean 172.5 mm; SD 7.5,,157.5–187.5,168.8–176.2,165.0–168.8 or 176.2–180.0,161.2–165.0 or 180.0–183.8,157.5–161.2 or 183.8–187.5,<157.5 or >187.5,,,FARKAS-2005,High,exact for direct anthropometry,POPULATION_NORM,ADULT_EVIDENCE,false,"T1–T5 are assistant-derived reference-proximity bins from |z|: ≤0.5, 0.5–1, 1–1.5, 1.5–2, >2 SD. They are NOT attractiveness tiers. Normal/reference range shown as mean±2 SD, also derived."
FARKAS_NAW_R_ANTH_NGN_M,R_ANTH_NGN,normative population,directly supported by research,Male,North American White,18–30,Direct anthropometry,mean 121.3 mm; SD 6.8,,107.7–134.9,117.9–124.7,114.5–117.9 or 124.7–128.1,111.1–114.5 or 128.1–131.5,107.7–111.1 or 131.5–134.9,<107.7 or >134.9,,,FARKAS-2005,High,exact for direct anthropometry,POPULATION_NORM,ADULT_EVIDENCE,false,"T1–T5 are assistant-derived reference-proximity bins from |z|: ≤0.5, 0.5–1, 1–1.5, 1.5–2, >2 SD. They are NOT attractiveness tiers. Normal/reference range shown as mean±2 SD, also derived."
FARKAS_NAW_R_ANTH_NGN_F,R_ANTH_NGN,normative population,directly supported by research,Female,North American White,18–30,Direct anthropometry,mean 111.8 mm; SD 5.2,,101.4–122.2,109.2–114.4,106.6–109.2 or 114.4–117.0,104.0–106.6 or 117.0–119.6,101.4–104.0 or 119.6–122.2,<101.4 or >122.2,,,FARKAS-2005,High,exact for direct anthropometry,POPULATION_NORM,ADULT_EVIDENCE,false,"T1–T5 are assistant-derived reference-proximity bins from |z|: ≤0.5, 0.5–1, 1–1.5, 1.5–2, >2 SD. They are NOT attractiveness tiers. Normal/reference range shown as mean±2 SD, also derived."
FARKAS_NAW_R_ANTH_SNGN_M,R_ANTH_SNGN,normative population,directly supported by research,Male,North American White,18–30,Direct anthropometry,mean 71.9 mm; SD 6,,59.9–83.9,68.9–74.9,65.9–68.9 or 74.9–77.9,62.9–65.9 or 77.9–80.9,59.9–62.9 or 80.9–83.9,<59.9 or >83.9,,,FARKAS-2005,High,exact for direct anthropometry,POPULATION_NORM,ADULT_EVIDENCE,false,"T1–T5 are assistant-derived reference-proximity bins from |z|: ≤0.5, 0.5–1, 1–1.5, 1.5–2, >2 SD. They are NOT attractiveness tiers. Normal/reference range shown as mean±2 SD, also derived."
FARKAS_NAW_R_ANTH_SNGN_F,R_ANTH_SNGN,normative population,directly supported by research,Female,North American White,18–30,Direct anthropometry,mean 65.5 mm; SD 4.5,,56.5–74.5,63.2–67.8,61.0–63.2 or 67.8–70.0,58.8–61.0 or 70.0–72.2,56.5–58.8 or 72.2–74.5,<56.5 or >74.5,,,FARKAS-2005,High,exact for direct anthropometry,POPULATION_NORM,ADULT_EVIDENCE,false,"T1–T5 are assistant-derived reference-proximity bins from |z|: ≤0.5, 0.5–1, 1–1.5, 1.5–2, >2 SD. They are NOT attractiveness tiers. Normal/reference range shown as mean±2 SD, also derived."
FARKAS_NAW_R_ANTH_ZYZY_M,R_ANTH_ZYZY,normative population,directly supported by research,Male,North American White,18–30,Direct anthropometry,mean 137.1 mm; SD 4.3,,128.5–145.7,134.9–139.2,132.8–134.9 or 139.2–141.4,130.7–132.8 or 141.4–143.5,128.5–130.7 or 143.5–145.7,<128.5 or >145.7,,,FARKAS-2005,High,exact for direct anthropometry,POPULATION_NORM,ADULT_EVIDENCE,false,"T1–T5 are assistant-derived reference-proximity bins from |z|: ≤0.5, 0.5–1, 1–1.5, 1.5–2, >2 SD. They are NOT attractiveness tiers. Normal/reference range shown as mean±2 SD, also derived."
FARKAS_NAW_R_ANTH_ZYZY_F,R_ANTH_ZYZY,normative population,directly supported by research,Female,North American White,18–30,Direct anthropometry,mean 129.9 mm; SD 5.3,,119.3–140.5,127.2–132.6,124.6–127.2 or 132.6–135.2,122.0–124.6 or 135.2–137.8,119.3–122.0 or 137.8–140.5,<119.3 or >140.5,,,FARKAS-2005,High,exact for direct anthropometry,POPULATION_NORM,ADULT_EVIDENCE,false,"T1–T5 are assistant-derived reference-proximity bins from |z|: ≤0.5, 0.5–1, 1–1.5, 1.5–2, >2 SD. They are NOT attractiveness tiers. Normal/reference range shown as mean±2 SD, also derived."
FARKAS_NAW_R_ANTH_GOGO_M,R_ANTH_GOGO,normative population,directly supported by research,Male,North American White,18–30,Direct anthropometry,mean 97.1 mm; SD 5.8,,85.5–108.7,94.2–100.0,91.3–94.2 or 100.0–102.9,88.4–91.3 or 102.9–105.8,85.5–88.4 or 105.8–108.7,<85.5 or >108.7,,,FARKAS-2005,High,exact for direct anthropometry,POPULATION_NORM,ADULT_EVIDENCE,false,"T1–T5 are assistant-derived reference-proximity bins from |z|: ≤0.5, 0.5–1, 1–1.5, 1.5–2, >2 SD. They are NOT attractiveness tiers. Normal/reference range shown as mean±2 SD, also derived."
FARKAS_NAW_R_ANTH_GOGO_F,R_ANTH_GOGO,normative population,directly supported by research,Female,North American White,18–30,Direct anthropometry,mean 91.1 mm; SD 5.9,,79.3–102.9,88.1–94.0,85.2–88.1 or 94.0–97.0,82.2–85.2 or 97.0–99.9,79.3–82.2 or 99.9–102.9,<79.3 or >102.9,,,FARKAS-2005,High,exact for direct anthropometry,POPULATION_NORM,ADULT_EVIDENCE,false,"T1–T5 are assistant-derived reference-proximity bins from |z|: ≤0.5, 0.5–1, 1–1.5, 1.5–2, >2 SD. They are NOT attractiveness tiers. Normal/reference range shown as mean±2 SD, also derived."
FARKAS_NAW_R_ANTH_ENEN_M,R_ANTH_ENEN,normative population,directly supported by research,Male,North American White,18–30,Direct anthropometry,mean 32.9 mm; SD 2.7,,27.5–38.3,31.5–34.2,30.2–31.5 or 34.2–35.6,28.8–30.2 or 35.6–37.0,27.5–28.8 or 37.0–38.3,<27.5 or >38.3,,,FARKAS-2005,High,exact for direct anthropometry,POPULATION_NORM,ADULT_EVIDENCE,false,"T1–T5 are assistant-derived reference-proximity bins from |z|: ≤0.5, 0.5–1, 1–1.5, 1.5–2, >2 SD. They are NOT attractiveness tiers. Normal/reference range shown as mean±2 SD, also derived."
FARKAS_NAW_R_ANTH_ENEN_F,R_ANTH_ENEN,normative population,directly supported by research,Female,North American White,18–30,Direct anthropometry,mean 31.6 mm; SD 2.4,,26.8–36.4,30.4–32.8,29.2–30.4 or 32.8–34.0,28.0–29.2 or 34.0–35.2,26.8–28.0 or 35.2–36.4,<26.8 or >36.4,,,FARKAS-2005,High,exact for direct anthropometry,POPULATION_NORM,ADULT_EVIDENCE,false,"T1–T5 are assistant-derived reference-proximity bins from |z|: ≤0.5, 0.5–1, 1–1.5, 1.5–2, >2 SD. They are NOT attractiveness tiers. Normal/reference range shown as mean±2 SD, also derived."
FARKAS_NAW_R_ANTH_ENEX_M,R_ANTH_ENEX,normative population,directly supported by research,Male,North American White,18–30,Direct anthropometry,mean 31.2 mm; SD 1.3,,28.6–33.8,30.6–31.8,29.9–30.6 or 31.8–32.5,29.2–29.9 or 32.5–33.1,28.6–29.2 or 33.1–33.8,<28.6 or >33.8,,,FARKAS-2005,High,exact for direct anthropometry,POPULATION_NORM,ADULT_EVIDENCE,false,"T1–T5 are assistant-derived reference-proximity bins from |z|: ≤0.5, 0.5–1, 1–1.5, 1.5–2, >2 SD. They are NOT attractiveness tiers. Normal/reference range shown as mean±2 SD, also derived."
FARKAS_NAW_R_ANTH_ENEX_F,R_ANTH_ENEX,normative population,directly supported by research,Female,North American White,18–30,Direct anthropometry,mean 30.7 mm; SD 1.8,,27.1–34.3,29.8–31.6,28.9–29.8 or 31.6–32.5,28.0–28.9 or 32.5–33.4,27.1–28.0 or 33.4–34.3,<27.1 or >34.3,,,FARKAS-2005,High,exact for direct anthropometry,POPULATION_NORM,ADULT_EVIDENCE,false,"T1–T5 are assistant-derived reference-proximity bins from |z|: ≤0.5, 0.5–1, 1–1.5, 1.5–2, >2 SD. They are NOT attractiveness tiers. Normal/reference range shown as mean±2 SD, also derived."
FARKAS_NAW_R_ANTH_EXEX_M,R_ANTH_EXEX,normative population,directly supported by research,Male,North American White,18–30,Direct anthropometry,mean 89.4 mm; SD 3.6,,82.2–96.6,87.6–91.2,85.8–87.6 or 91.2–93.0,84.0–85.8 or 93.0–94.8,82.2–84.0 or 94.8–96.6,<82.2 or >96.6,,,FARKAS-2005,High,exact for direct anthropometry,POPULATION_NORM,ADULT_EVIDENCE,false,"T1–T5 are assistant-derived reference-proximity bins from |z|: ≤0.5, 0.5–1, 1–1.5, 1.5–2, >2 SD. They are NOT attractiveness tiers. Normal/reference range shown as mean±2 SD, also derived."
FARKAS_NAW_R_ANTH_EXEX_F,R_ANTH_EXEX,normative population,directly supported by research,Female,North American White,18–30,Direct anthropometry,mean 86.8 mm; SD 4,,78.8–94.8,84.8–88.8,82.8–84.8 or 88.8–90.8,80.8–82.8 or 90.8–92.8,78.8–80.8 or 92.8–94.8,<78.8 or >94.8,,,FARKAS-2005,High,exact for direct anthropometry,POPULATION_NORM,ADULT_EVIDENCE,false,"T1–T5 are assistant-derived reference-proximity bins from |z|: ≤0.5, 0.5–1, 1–1.5, 1.5–2, >2 SD. They are NOT attractiveness tiers. Normal/reference range shown as mean±2 SD, also derived."
FARKAS_NAW_R_ANTH_NSN_M,R_ANTH_NSN,normative population,directly supported by research,Male,North American White,18–30,Direct anthropometry,mean 53 mm; SD 3.5,,46.0–60.0,51.2–54.8,49.5–51.2 or 54.8–56.5,47.8–49.5 or 56.5–58.2,46.0–47.8 or 58.2–60.0,<46.0 or >60.0,,,FARKAS-2005,High,exact for direct anthropometry,POPULATION_NORM,ADULT_EVIDENCE,false,"T1–T5 are assistant-derived reference-proximity bins from |z|: ≤0.5, 0.5–1, 1–1.5, 1.5–2, >2 SD. They are NOT attractiveness tiers. Normal/reference range shown as mean±2 SD, also derived."
FARKAS_NAW_R_ANTH_NSN_F,R_ANTH_NSN,normative population,directly supported by research,Female,North American White,18–30,Direct anthropometry,mean 48.9 mm; SD 2.6,,43.7–54.1,47.6–50.2,46.3–47.6 or 50.2–51.5,45.0–46.3 or 51.5–52.8,43.7–45.0 or 52.8–54.1,<43.7 or >54.1,,,FARKAS-2005,High,exact for direct anthropometry,POPULATION_NORM,ADULT_EVIDENCE,false,"T1–T5 are assistant-derived reference-proximity bins from |z|: ≤0.5, 0.5–1, 1–1.5, 1.5–2, >2 SD. They are NOT attractiveness tiers. Normal/reference range shown as mean±2 SD, also derived."
FARKAS_NAW_R_ANTH_ALAL_M,R_ANTH_ALAL,normative population,directly supported by research,Male,North American White,18–30,Direct anthropometry,mean 34.7 mm; SD 2.6,,29.5–39.9,33.4–36.0,32.1–33.4 or 36.0–37.3,30.8–32.1 or 37.3–38.6,29.5–30.8 or 38.6–39.9,<29.5 or >39.9,,,FARKAS-2005,High,exact for direct anthropometry,POPULATION_NORM,ADULT_EVIDENCE,false,"T1–T5 are assistant-derived reference-proximity bins from |z|: ≤0.5, 0.5–1, 1–1.5, 1.5–2, >2 SD. They are NOT attractiveness tiers. Normal/reference range shown as mean±2 SD, also derived."
FARKAS_NAW_R_ANTH_ALAL_F,R_ANTH_ALAL,normative population,directly supported by research,Female,North American White,18–30,Direct anthropometry,mean 31.4 mm; SD 1.9,,27.6–35.2,30.4–32.4,29.5–30.4 or 32.4–33.3,28.5–29.5 or 33.3–34.2,27.6–28.5 or 34.2–35.2,<27.6 or >35.2,,,FARKAS-2005,High,exact for direct anthropometry,POPULATION_NORM,ADULT_EVIDENCE,false,"T1–T5 are assistant-derived reference-proximity bins from |z|: ≤0.5, 0.5–1, 1–1.5, 1.5–2, >2 SD. They are NOT attractiveness tiers. Normal/reference range shown as mean±2 SD, also derived."
FARKAS_NAW_R_ANTH_NASINC_M,R_ANTH_NASINC,normative population,directly supported by research,Male,North American White,18–30,Direct anthropometry,mean 31.6 degrees; SD 4.6,,22.4–40.8,29.3–33.9,27.0–29.3 or 33.9–36.2,24.7–27.0 or 36.2–38.5,22.4–24.7 or 38.5–40.8,<22.4 or >40.8,,,FARKAS-2005,High,exact for direct anthropometry,POPULATION_NORM,ADULT_EVIDENCE,false,"T1–T5 are assistant-derived reference-proximity bins from |z|: ≤0.5, 0.5–1, 1–1.5, 1.5–2, >2 SD. They are NOT attractiveness tiers. Normal/reference range shown as mean±2 SD, also derived."
FARKAS_NAW_R_ANTH_NASINC_F,R_ANTH_NASINC,normative population,directly supported by research,Female,North American White,18–30,Direct anthropometry,mean 30 degrees; SD 5.3,,19.4–40.6,27.4–32.6,24.7–27.4 or 32.6–35.3,22.1–24.7 or 35.3–38.0,19.4–22.1 or 38.0–40.6,<19.4 or >40.6,,,FARKAS-2005,High,exact for direct anthropometry,POPULATION_NORM,ADULT_EVIDENCE,false,"T1–T5 are assistant-derived reference-proximity bins from |z|: ≤0.5, 0.5–1, 1–1.5, 1.5–2, >2 SD. They are NOT attractiveness tiers. Normal/reference range shown as mean±2 SD, also derived."
FARKAS_NAW_R_ANTH_CHCH_M,R_ANTH_CHCH,normative population,directly supported by research,Male,North American White,18–30,Direct anthropometry,mean 53.3 mm; SD 3.3,,46.7–59.9,51.6–54.9,50.0–51.6 or 54.9–56.6,48.3–50.0 or 56.6–58.2,46.7–48.3 or 58.2–59.9,<46.7 or >59.9,,,FARKAS-2005,High,exact for direct anthropometry,POPULATION_NORM,ADULT_EVIDENCE,false,"T1–T5 are assistant-derived reference-proximity bins from |z|: ≤0.5, 0.5–1, 1–1.5, 1.5–2, >2 SD. They are NOT attractiveness tiers. Normal/reference range shown as mean±2 SD, also derived."
FARKAS_NAW_R_ANTH_CHCH_F,R_ANTH_CHCH,normative population,directly supported by research,Female,North American White,18–30,Direct anthropometry,mean 49.8 mm; SD 3.2,,43.4–56.2,48.2–51.4,46.6–48.2 or 51.4–53.0,45.0–46.6 or 53.0–54.6,43.4–45.0 or 54.6–56.2,<43.4 or >56.2,,,FARKAS-2005,High,exact for direct anthropometry,POPULATION_NORM,ADULT_EVIDENCE,false,"T1–T5 are assistant-derived reference-proximity bins from |z|: ≤0.5, 0.5–1, 1–1.5, 1.5–2, >2 SD. They are NOT attractiveness tiers. Normal/reference range shown as mean±2 SD, also derived."
FARKAS_NAW_R_ANTH_EAR_M,R_ANTH_EAR,normative population,directly supported by research,Male,North American White,18–30,Direct anthropometry,mean 62.4 mm; SD 3.7,,55.0–69.8,60.5–64.2,58.7–60.5 or 64.2–66.1,56.8–58.7 or 66.1–68.0,55.0–56.8 or 68.0–69.8,<55.0 or >69.8,,,FARKAS-2005,High,exact for direct anthropometry,POPULATION_NORM,ADULT_EVIDENCE,false,"T1–T5 are assistant-derived reference-proximity bins from |z|: ≤0.5, 0.5–1, 1–1.5, 1.5–2, >2 SD. They are NOT attractiveness tiers. Normal/reference range shown as mean±2 SD, also derived."
FARKAS_NAW_R_ANTH_EAR_F,R_ANTH_EAR,normative population,directly supported by research,Female,North American White,18–30,Direct anthropometry,mean 58.5 mm; SD 3.4,,51.7–65.3,56.8–60.2,55.1–56.8 or 60.2–61.9,53.4–55.1 or 61.9–63.6,51.7–53.4 or 63.6–65.3,<51.7 or >65.3,,,FARKAS-2005,High,exact for direct anthropometry,POPULATION_NORM,ADULT_EVIDENCE,false,"T1–T5 are assistant-derived reference-proximity bins from |z|: ≤0.5, 0.5–1, 1–1.5, 1.5–2, >2 SD. They are NOT attractiveness tiers. Normal/reference range shown as mean±2 SD, also derived."
ICD2022_African,R_ANTH_ENEN,normative population,directly supported by research,Any,African,Mixed adult cohorts,Mixed measurement methods,pooled mean 38.5 mm; SD 3.2,,Approx. mean±2SD 32.1–44.9 mm,,,,,,,,ICD-2022,Very High,measurement-method dependent,POPULATION_NORM,ADULT_EVIDENCE,false,Review reports significant between-population and often sex/method differences. ±2SD range is derived here only as a descriptive approximation.
ICD2022_Asian,R_ANTH_ENEN,normative population,directly supported by research,Any,Asian,Mixed adult cohorts,Mixed measurement methods,pooled mean 36.4 mm; SD 1.6,,Approx. mean±2SD 33.2–39.6 mm,,,,,,,,ICD-2022,Very High,measurement-method dependent,POPULATION_NORM,ADULT_EVIDENCE,false,Review reports significant between-population and often sex/method differences. ±2SD range is derived here only as a descriptive approximation.
ICD2022_Southeast_Asian,R_ANTH_ENEN,normative population,directly supported by research,Any,Southeast Asian,Mixed adult cohorts,Mixed measurement methods,pooled mean 32.8 mm; SD 2.0,,Approx. mean±2SD 28.8–36.8 mm,,,,,,,,ICD-2022,Very High,measurement-method dependent,POPULATION_NORM,ADULT_EVIDENCE,false,Review reports significant between-population and often sex/method differences. ±2SD range is derived here only as a descriptive approximation.
ICD2022_Hispanic,R_ANTH_ENEN,normative population,directly supported by research,Any,Hispanic,Mixed adult cohorts,Mixed measurement methods,pooled mean 32.3 mm; SD 2.0,,Approx. mean±2SD 28.3–36.3 mm,,,,,,,,ICD-2022,Very High,measurement-method dependent,POPULATION_NORM,ADULT_EVIDENCE,false,Review reports significant between-population and often sex/method differences. ±2SD range is derived here only as a descriptive approximation.
ICD2022_White,R_ANTH_ENEN,normative population,directly supported by research,Any,White,Mixed adult cohorts,Mixed measurement methods,pooled mean 31.4 mm; SD 2.5,,Approx. mean±2SD 26.4–36.4 mm,,,,,,,,ICD-2022,Very High,measurement-method dependent,POPULATION_NORM,ADULT_EVIDENCE,false,Review reports significant between-population and often sex/method differences. ±2SD range is derived here only as a descriptive approximation.
ICD2022_Middle_Eastern,R_ANTH_ENEN,normative population,directly supported by research,Any,Middle Eastern,Mixed adult cohorts,Mixed measurement methods,pooled mean 31.2 mm; SD 1.5,,Approx. mean±2SD 28.2–34.2 mm,,,,,,,,ICD-2022,Very High,measurement-method dependent,POPULATION_NORM,ADULT_EVIDENCE,false,Review reports significant between-population and often sex/method differences. ±2SD range is derived here only as a descriptive approximation.
PALLETT_V,R_PAL_V,aesthetic preference experiment,directly supported by research,Primarily female stimuli in original experiments,Experiment participants,Adult,Photo/2D,optimum ≈36%,≈36%,,,,,,,,,PALLETT-2010,High,exact to study definition,AESTHETIC_PREFERENCE,ADULT_EVIDENCE,false,"Controlled stimulus optimum, not universal anatomy and not a clinical normal range."
PALLETT_H,R_PAL_H,aesthetic preference experiment,directly supported by research,Primarily female stimuli in original experiments,Experiment participants,Adult,Photo/2D,optimum ≈46%,≈46%,,,,,,,,,PALLETT-2010,High,exact to study definition,AESTHETIC_PREFERENCE,ADULT_EVIDENCE,false,"Controlled stimulus optimum, not universal anatomy and not necessarily FaceIQ ESR."
SYMM3D,R_SYMM_3D,normative population,directly supported by research,Any,Healthy volunteers,Adult,3D photogrammetry,mean 0.80 mm; SD 0.24,,"Approx. 0.32–1.28 mm (mean±2SD, derived)",,,,,,,,SYMM-2014,High,exact,POPULATION_NORM,ADULT_EVIDENCE,false,Do not port this mm benchmark to single-photo 2D symmetry scores.
FWHR_META,R_FWHR_STD,research association/meta-analysis,directly supported by research,Any,Unspecified,Adult,Photo/2D,"sex difference d=0.11 (n=10,853); BMI r=0.31 (n=2,506)",,,,,,,,,,FWHR-2015,Very High,exact to standard fWHR,MEASUREMENT_VALIDATION,ADULT_EVIDENCE,false,No universal attractiveness ideal established. Standard definition differs from FaceIQ FWHR. Measurement-definition note migrated during Freeze 2.2: No universal attractiveness ideal; Study/population dependent.
WEN_FQ_H_038_M_African,FQ_H_038,normative photogrammetric meta-analysis,directly supported by research,Male,African,Adults across included studies,2D photogrammetry,posterior mean 129.7°; 95% CrI 126.5–133.1°,,95% CrI 126.5–133.1°,,,,,,,,WEN-2015,Very High,approximate — verify landmark/angle convention,POPULATION_NORM,ADULT_EVIDENCE,false,"Population norm, not aesthetic ideal. Do not merge into FaceIQ unless its exact landmark convention matches the meta-analysis definition."
WEN_FQ_H_038_M_Asian,FQ_H_038,normative photogrammetric meta-analysis,directly supported by research,Male,Asian,Adults across included studies,2D photogrammetry,posterior mean 133.7°; 95% CrI 128.8–138.8°,,95% CrI 128.8–138.8°,,,,,,,,WEN-2015,Very High,approximate — verify landmark/angle convention,POPULATION_NORM,ADULT_EVIDENCE,false,"Population norm, not aesthetic ideal. Do not merge into FaceIQ unless its exact landmark convention matches the meta-analysis definition."
WEN_FQ_H_038_M_Caucasian,FQ_H_038,normative photogrammetric meta-analysis,directly supported by research,Male,Caucasian,Adults across included studies,2D photogrammetry,posterior mean 137.9°; 95% CrI 133.6–142.0°,,95% CrI 133.6–142.0°,,,,,,,,WEN-2015,Very High,approximate — verify landmark/angle convention,POPULATION_NORM,ADULT_EVIDENCE,false,"Population norm, not aesthetic ideal. Do not merge into FaceIQ unless its exact landmark convention matches the meta-analysis definition."
WEN_FQ_H_038_F_African,FQ_H_038,normative photogrammetric meta-analysis,directly supported by research,Female,African,Adults across included studies,2D photogrammetry,posterior mean 132.2°; 95% CrI 126.2–138.4°,,95% CrI 126.2–138.4°,,,,,,,,WEN-2015,Very High,approximate — verify landmark/angle convention,POPULATION_NORM,ADULT_EVIDENCE,false,"Population norm, not aesthetic ideal. Do not merge into FaceIQ unless its exact landmark convention matches the meta-analysis definition."
WEN_FQ_H_038_F_Asian,FQ_H_038,normative photogrammetric meta-analysis,directly supported by research,Female,Asian,Adults across included studies,2D photogrammetry,posterior mean 139.3°; 95% CrI 132.7–145.9°,,95% CrI 132.7–145.9°,,,,,,,,WEN-2015,Very High,approximate — verify landmark/angle convention,POPULATION_NORM,ADULT_EVIDENCE,false,"Population norm, not aesthetic ideal. Do not merge into FaceIQ unless its exact landmark convention matches the meta-analysis definition."
WEN_FQ_H_038_F_Caucasian,FQ_H_038,normative photogrammetric meta-analysis,directly supported by research,Female,Caucasian,Adults across included studies,2D photogrammetry,posterior mean 140.6°; 95% CrI 134.6–146.8°,,95% CrI 134.6–146.8°,,,,,,,,WEN-2015,Very High,approximate — verify landmark/angle convention,POPULATION_NORM,ADULT_EVIDENCE,false,"Population norm, not aesthetic ideal. Do not merge into FaceIQ unless its exact landmark convention matches the meta-analysis definition."
WEN_FQ_H_049_M_African,FQ_H_049,normative photogrammetric meta-analysis,directly supported by research,Male,African,Adults across included studies,2D photogrammetry,posterior mean 78.8°; 95% CrI 70.6–87.3°,,95% CrI 70.6–87.3°,,,,,,,,WEN-2015,Very High,approximate — verify landmark/angle convention,POPULATION_NORM,ADULT_EVIDENCE,false,"Population norm, not aesthetic ideal. Do not merge into FaceIQ unless its exact landmark convention matches the meta-analysis definition."
WEN_FQ_H_049_M_Asian,FQ_H_049,normative photogrammetric meta-analysis,directly supported by research,Male,Asian,Adults across included studies,2D photogrammetry,posterior mean 79.7°; 95% CrI 72.9–86.6°,,95% CrI 72.9–86.6°,,,,,,,,WEN-2015,Very High,approximate — verify landmark/angle convention,POPULATION_NORM,ADULT_EVIDENCE,false,"Population norm, not aesthetic ideal. Do not merge into FaceIQ unless its exact landmark convention matches the meta-analysis definition."
WEN_FQ_H_049_M_Caucasian,FQ_H_049,normative photogrammetric meta-analysis,directly supported by research,Male,Caucasian,Adults across included studies,2D photogrammetry,posterior mean 75.7°; 95% CrI 70.1–81.8°,,95% CrI 70.1–81.8°,,,,,,,,WEN-2015,Very High,approximate — verify landmark/angle convention,POPULATION_NORM,ADULT_EVIDENCE,false,"Population norm, not aesthetic ideal. Do not merge into FaceIQ unless its exact landmark convention matches the meta-analysis definition."
WEN_FQ_H_049_F_African,FQ_H_049,normative photogrammetric meta-analysis,directly supported by research,Female,African,Adults across included studies,2D photogrammetry,posterior mean 79.4°; 95% CrI 70.7–88.5°,,95% CrI 70.7–88.5°,,,,,,,,WEN-2015,Very High,approximate — verify landmark/angle convention,POPULATION_NORM,ADULT_EVIDENCE,false,"Population norm, not aesthetic ideal. Do not merge into FaceIQ unless its exact landmark convention matches the meta-analysis definition."
WEN_FQ_H_049_F_Asian,FQ_H_049,normative photogrammetric meta-analysis,directly supported by research,Female,Asian,Adults across included studies,2D photogrammetry,posterior mean 81.4°; 95% CrI 74.1–88.7°,,95% CrI 74.1–88.7°,,,,,,,,WEN-2015,Very High,approximate — verify landmark/angle convention,POPULATION_NORM,ADULT_EVIDENCE,false,"Population norm, not aesthetic ideal. Do not merge into FaceIQ unless its exact landmark convention matches the meta-analysis definition."
WEN_FQ_H_049_F_Caucasian,FQ_H_049,normative photogrammetric meta-analysis,directly supported by research,Female,Caucasian,Adults across included studies,2D photogrammetry,posterior mean 77.6°; 95% CrI 71.3–84.3°,,95% CrI 71.3–84.3°,,,,,,,,WEN-2015,Very High,approximate — verify landmark/angle convention,POPULATION_NORM,ADULT_EVIDENCE,false,"Population norm, not aesthetic ideal. Do not merge into FaceIQ unless its exact landmark convention matches the meta-analysis definition."
WEN_FQ_H_051_M_African,FQ_H_051,normative photogrammetric meta-analysis,directly supported by research,Male,African,Adults across included studies,2D photogrammetry,posterior mean 87.5°; 95% CrI 76.6–98.5°,,95% CrI 76.6–98.5°,,,,,,,,WEN-2015,Very High,approximate — verify landmark/angle convention,POPULATION_NORM,ADULT_EVIDENCE,false,"Population norm, not aesthetic ideal. Do not merge into FaceIQ unless its exact landmark convention matches the meta-analysis definition."
WEN_FQ_H_051_M_Asian,FQ_H_051,normative photogrammetric meta-analysis,directly supported by research,Male,Asian,Adults across included studies,2D photogrammetry,posterior mean 94.7°; 95% CrI 88.5–100.6°,,95% CrI 88.5–100.6°,,,,,,,,WEN-2015,Very High,approximate — verify landmark/angle convention,POPULATION_NORM,ADULT_EVIDENCE,false,"Population norm, not aesthetic ideal. Do not merge into FaceIQ unless its exact landmark convention matches the meta-analysis definition."
WEN_FQ_H_051_M_Caucasian,FQ_H_051,normative photogrammetric meta-analysis,directly supported by research,Male,Caucasian,Adults across included studies,2D photogrammetry,posterior mean 100.1°; 95% CrI 94.0–105.8°,,95% CrI 94.0–105.8°,,,,,,,,WEN-2015,Very High,approximate — verify landmark/angle convention,POPULATION_NORM,ADULT_EVIDENCE,false,"Population norm, not aesthetic ideal. Do not merge into FaceIQ unless its exact landmark convention matches the meta-analysis definition."
WEN_FQ_H_051_F_African,FQ_H_051,normative photogrammetric meta-analysis,directly supported by research,Female,African,Adults across included studies,2D photogrammetry,posterior mean 85.9°; 95% CrI 69.5–101.0°,,95% CrI 69.5–101.0°,,,,,,,,WEN-2015,Very High,approximate — verify landmark/angle convention,POPULATION_NORM,ADULT_EVIDENCE,false,"Population norm, not aesthetic ideal. Do not merge into FaceIQ unless its exact landmark convention matches the meta-analysis definition."
WEN_FQ_H_051_F_Asian,FQ_H_051,normative photogrammetric meta-analysis,directly supported by research,Female,Asian,Adults across included studies,2D photogrammetry,posterior mean 94.2°; 95% CrI 88.8–99.8°,,95% CrI 88.8–99.8°,,,,,,,,WEN-2015,Very High,approximate — verify landmark/angle convention,POPULATION_NORM,ADULT_EVIDENCE,false,"Population norm, not aesthetic ideal. Do not merge into FaceIQ unless its exact landmark convention matches the meta-analysis definition."
WEN_FQ_H_051_F_Caucasian,FQ_H_051,normative photogrammetric meta-analysis,directly supported by research,Female,Caucasian,Adults across included studies,2D photogrammetry,posterior mean 103.3°; 95% CrI 96.9–109.3°,,95% CrI 96.9–109.3°,,,,,,,,WEN-2015,Very High,approximate — verify landmark/angle convention,POPULATION_NORM,ADULT_EVIDENCE,false,"Population norm, not aesthetic ideal. Do not merge into FaceIQ unless its exact landmark convention matches the meta-analysis definition."
WEN_FQ_H_052_M_African,FQ_H_052,normative photogrammetric meta-analysis,directly supported by research,Male,African,Adults across included studies,2D photogrammetry,posterior mean 39.2°; 95% CrI 36.8–41.4°,,95% CrI 36.8–41.4°,,,,,,,,WEN-2015,Very High,approximate — verify landmark/angle convention,POPULATION_NORM,ADULT_EVIDENCE,false,"Population norm, not aesthetic ideal. Do not merge into FaceIQ unless its exact landmark convention matches the meta-analysis definition."
WEN_FQ_H_052_M_Asian,FQ_H_052,normative photogrammetric meta-analysis,directly supported by research,Male,Asian,Adults across included studies,2D photogrammetry,posterior mean 31.9°; 95% CrI 26.4–38.3°,,95% CrI 26.4–38.3°,,,,,,,,WEN-2015,Very High,approximate — verify landmark/angle convention,POPULATION_NORM,ADULT_EVIDENCE,false,"Population norm, not aesthetic ideal. Do not merge into FaceIQ unless its exact landmark convention matches the meta-analysis definition."
WEN_FQ_H_052_M_Caucasian,FQ_H_052,normative photogrammetric meta-analysis,directly supported by research,Male,Caucasian,Adults across included studies,2D photogrammetry,posterior mean 36.7°; 95% CrI 33.0–40.5°,,95% CrI 33.0–40.5°,,,,,,,,WEN-2015,Very High,approximate — verify landmark/angle convention,POPULATION_NORM,ADULT_EVIDENCE,false,"Population norm, not aesthetic ideal. Do not merge into FaceIQ unless its exact landmark convention matches the meta-analysis definition."
WEN_FQ_H_052_F_African,FQ_H_052,normative photogrammetric meta-analysis,directly supported by research,Female,African,Adults across included studies,2D photogrammetry,posterior mean 36.8°; 95% CrI 34.5–39.0°,,95% CrI 34.5–39.0°,,,,,,,,WEN-2015,Very High,approximate — verify landmark/angle convention,POPULATION_NORM,ADULT_EVIDENCE,false,"Population norm, not aesthetic ideal. Do not merge into FaceIQ unless its exact landmark convention matches the meta-analysis definition."
WEN_FQ_H_052_F_Asian,FQ_H_052,normative photogrammetric meta-analysis,directly supported by research,Female,Asian,Adults across included studies,2D photogrammetry,posterior mean 31.5°; 95% CrI 25.8–37.2°,,95% CrI 25.8–37.2°,,,,,,,,WEN-2015,Very High,approximate — verify landmark/angle convention,POPULATION_NORM,ADULT_EVIDENCE,false,"Population norm, not aesthetic ideal. Do not merge into FaceIQ unless its exact landmark convention matches the meta-analysis definition."
WEN_FQ_H_052_F_Caucasian,FQ_H_052,normative photogrammetric meta-analysis,directly supported by research,Female,Caucasian,Adults across included studies,2D photogrammetry,posterior mean 35.0°; 95% CrI 31.2–38.7°,,95% CrI 31.2–38.7°,,,,,,,,WEN-2015,Very High,approximate — verify landmark/angle convention,POPULATION_NORM,ADULT_EVIDENCE,false,"Population norm, not aesthetic ideal. Do not merge into FaceIQ unless its exact landmark convention matches the meta-analysis definition."
WEN_FQ_H_053_M_African,FQ_H_053,normative photogrammetric meta-analysis,directly supported by research,Male,African,Adults across included studies,2D photogrammetry,posterior mean 124.1°; 95% CrI 119.9–128.6°,,95% CrI 119.9–128.6°,,,,,,,,WEN-2015,Very High,approximate — verify landmark/angle convention,POPULATION_NORM,ADULT_EVIDENCE,false,"Population norm, not aesthetic ideal. Do not merge into FaceIQ unless its exact landmark convention matches the meta-analysis definition."
WEN_FQ_H_053_M_Asian,FQ_H_053,normative photogrammetric meta-analysis,directly supported by research,Male,Asian,Adults across included studies,2D photogrammetry,posterior mean 132.4°; 95% CrI 123.7–142.0°,,95% CrI 123.7–142.0°,,,,,,,,WEN-2015,Very High,approximate — verify landmark/angle convention,POPULATION_NORM,ADULT_EVIDENCE,false,"Population norm, not aesthetic ideal. Do not merge into FaceIQ unless its exact landmark convention matches the meta-analysis definition."
WEN_FQ_H_053_M_Caucasian,FQ_H_053,normative photogrammetric meta-analysis,directly supported by research,Male,Caucasian,Adults across included studies,2D photogrammetry,posterior mean 129.4°; 95% CrI 124.9–133.9°,,95% CrI 124.9–133.9°,,,,,,,,WEN-2015,Very High,approximate — verify landmark/angle convention,POPULATION_NORM,ADULT_EVIDENCE,false,"Population norm, not aesthetic ideal. Do not merge into FaceIQ unless its exact landmark convention matches the meta-analysis definition."
WEN_FQ_H_053_F_African,FQ_H_053,normative photogrammetric meta-analysis,directly supported by research,Female,African,Adults across included studies,2D photogrammetry,posterior mean 126.2°; 95% CrI 122.1–130.4°,,95% CrI 122.1–130.4°,,,,,,,,WEN-2015,Very High,approximate — verify landmark/angle convention,POPULATION_NORM,ADULT_EVIDENCE,false,"Population norm, not aesthetic ideal. Do not merge into FaceIQ unless its exact landmark convention matches the meta-analysis definition."
WEN_FQ_H_053_F_Asian,FQ_H_053,normative photogrammetric meta-analysis,directly supported by research,Female,Asian,Adults across included studies,2D photogrammetry,posterior mean 133.3°; 95% CrI 125.6–141.8°,,95% CrI 125.6–141.8°,,,,,,,,WEN-2015,Very High,approximate — verify landmark/angle convention,POPULATION_NORM,ADULT_EVIDENCE,false,"Population norm, not aesthetic ideal. Do not merge into FaceIQ unless its exact landmark convention matches the meta-analysis definition."
WEN_FQ_H_053_F_Caucasian,FQ_H_053,normative photogrammetric meta-analysis,directly supported by research,Female,Caucasian,Adults across included studies,2D photogrammetry,posterior mean 129.5°; 95% CrI 125.6–133.4°,,95% CrI 125.6–133.4°,,,,,,,,WEN-2015,Very High,approximate — verify landmark/angle convention,POPULATION_NORM,ADULT_EVIDENCE,false,"Population norm, not aesthetic ideal. Do not merge into FaceIQ unless its exact landmark convention matches the meta-analysis definition."
NLA2012_M,FQ_H_051,aesthetic preference,directly supported by research,Male,Study-specific,Adult,Photo/2D,95.96±2.57°,93.4–98.5°,,,,,,,,,NLA-2012,Moderate,definition check required,AESTHETIC_PREFERENCE,ADULT_EVIDENCE,false,Small manipulated-photo sample.
NLA2012_F,FQ_H_051,aesthetic preference,directly supported by research,Female,Study-specific,Adult,Photo/2D,97.7±2.32°,95.5–100.1°,,,,,,,,,NLA-2012,Moderate,definition check required,AESTHETIC_PREFERENCE,ADULT_EVIDENCE,false,Small manipulated-photo sample.
NLA2013_M,FQ_H_051,aesthetic preference,directly supported by research,Male,Study-specific,Adult,Photo/2D,95% CI of ideal mean,93.9–97.3°,,,,,,,,,NLA-2013,Moderate,definition check required,AESTHETIC_PREFERENCE,ADULT_EVIDENCE,false,Expert rhinoplasty-surgeon ratings.
NLA2013_F,FQ_H_051,aesthetic preference,directly supported by research,Female,Study-specific,Adult,Photo/2D,95% CI of ideal mean,96.8–100.2°,,,,,,,,,NLA-2013,Moderate,definition check required,AESTHETIC_PREFERENCE,ADULT_EVIDENCE,false,Expert rhinoplasty-surgeon ratings.
NLA2014_M,FQ_H_051,aesthetic preference,directly supported by research,Male,Study-specific,Adult,Photo/2D,97.0±6.3°,90.7–103.3°,,,,,,,,,NLA-2014,Moderate,definition check required,AESTHETIC_PREFERENCE,ADULT_EVIDENCE,false,General-population preference sample; male preference varied with demographics.
NLA2014_F,FQ_H_051,aesthetic preference,directly supported by research,Female,Study-specific,Adult,Photo/2D,104.9±4.0°,100.9–108.9°,,,,,,,,,NLA-2014,Moderate,definition check required,AESTHETIC_PREFERENCE,ADULT_EVIDENCE,false,General-population preference sample.
NLA2023_M,FQ_H_051,aesthetic preference,directly supported by research,Male,Study-specific,Adult,Photo/2D,97.1±6.39°,≈97.1° central preference,,,,,,,,,NLA-2023,Moderate,definition check required,AESTHETIC_PREFERENCE,ADULT_EVIDENCE,false,Canada/Saudi/Kuwaiti/Lebanese respondent sample; not a universal ideal.
NLA2023_F,FQ_H_051,aesthetic preference,directly supported by research,Female,Study-specific,Adult,Photo/2D,109.5±5.32°,≈109.5° central preference,,,,,,,,,NLA-2023,Moderate,definition check required,AESTHETIC_PREFERENCE,ADULT_EVIDENCE,false,Canada/Saudi/Kuwaiti/Lebanese respondent sample; not a universal ideal.
NFA2016,FQ_H_038,aesthetic preference,directly supported by research,Male,Idealized Caucasian/White male silhouette,Adult,Photo/2D,~130° ideal; 127–142° acceptable,≈130°,127–142° acceptable,,,,,,,,NFA-2016,Moderate,definition check required,AESTHETIC_PREFERENCE,ADULT_EVIDENCE,false,"Single idealized base profile manipulated; use as preference evidence, not population norm."
NASOFACIAL2016,FQ_H_052,aesthetic preference,directly supported by research,Male,Idealized Caucasian/White male silhouette,Adult,Photo/2D,~30° ideal; 27–36° acceptable,≈30°,27–36° acceptable,,,,,,,,NASOFACIAL-2016,Moderate,definition check required,AESTHETIC_PREFERENCE,ADULT_EVIDENCE,false,Single idealized base profile manipulated; not universal.
MENTO2017,FQ_H_063,aesthetic preference,directly supported by research,Male,Idealized Caucasian/White male silhouette,Adult,Photo/2D,107–118° most attractive; up to 140° acceptable,107–118°,Approx. 107–140° acceptable/preferred envelope,,,,,,,,MENTOLABIAL-2017,Moderate,likely similar; verify construction,AESTHETIC_PREFERENCE,ADULT_EVIDENCE,false,"Observer preference, not population norm."
SUBMENTAL2016,FQ_H_069,aesthetic preference,directly supported by research,Any,Idealized profile silhouette,Adult,Photo/2D,90–100° most attractive; 90–105° acceptable,90–100°,90–105° acceptable,,,,,,,,SUBMENTAL-2016,Moderate,definition check required,AESTHETIC_PREFERENCE,ADULT_EVIDENCE,false,Observer preference; profile-image construction matters.
