measurement_id,category,name,definition,landmarks,formula,view,unit,continuous_or_categorical,photo_feasibility,calibration_required,source_ids,evidence_quality,notes
FQ_H_001,Harmony — Front,Top Third,Forehead height as a percentage of full face height.,trichion/hairline; brow-level reference; menton/chin,"distance(hairline,brow level) / distance(hairline,chin) × 100",Front,%,continuous,Yes,No,FQ-HARMONY;COMM-PDF-2026;COMM-FRONT-2026,Unknown,"FaceIQ per-analysis numerical reference range/scoring curve is not publicly enumerated. Tier bands shown are community-published, not FaceIQ and not scientific consensus."
FQ_H_002,Harmony — Front,Middle Third,Brow-to-nasal-base height as a percentage of full face height.,brow-level reference; subnasale/nose bottom; trichion; chin,"distance(brow level,nose bottom) / distance(hairline,chin) × 100",Front,%,continuous,Yes,No,FQ-HARMONY;COMM-PDF-2026;COMM-FRONT-2026,Unknown,"FaceIQ per-analysis numerical reference range/scoring curve is not publicly enumerated. Tier bands shown are community-published, not FaceIQ and not scientific consensus."
FQ_H_003,Harmony — Front,Lower Third,Nasal-base-to-chin height as a percentage of full face height.,subnasale/nose bottom; chin; trichion,"distance(nose bottom,chin) / distance(hairline,chin) × 100",Front,%,continuous,Yes,No,FQ-HARMONY;COMM-PDF-2026;COMM-FRONT-2026,Unknown,"FaceIQ per-analysis numerical reference range/scoring curve is not publicly enumerated. Tier bands shown are community-published, not FaceIQ and not scientific consensus."
FQ_H_004,Harmony — Front,Face Width to Height Ratio,FaceIQ upper-face width/height adaptation.,bilateral zygion/cheekbone extremes; brow-level; upper lip,"cheekbone width / vertical distance(brow level,upper lip)",Front,ratio,continuous,Yes,No,FQ-HARMONY;COMM-PDF-2026;COMM-FRONT-2026,Unknown,"FaceIQ per-analysis numerical reference range/scoring curve is not publicly enumerated. Tier bands shown are community-published, not FaceIQ and not scientific consensus."
FQ_H_005,Harmony — Front,Total Facial Width to Height Ratio,Full-face height relative to cheekbone width (FaceIQ calculation direction).,trichion; chin; bilateral zygion,face height / cheekbone width,Front,ratio,continuous,Yes,No,FQ-HARMONY;COMM-PDF-2026;COMM-FRONT-2026,Unknown,"FaceIQ per-analysis numerical reference range/scoring curve is not publicly enumerated. Tier bands shown are community-published, not FaceIQ and not scientific consensus."
FQ_H_006,Harmony — Front,Midface Ratio,Interpupillary width relative to pupil-level-to-upper-lip height.,pupil centers; Cupid’s bow/upper lip,"interpupillary distance / vertical distance(pupil level,upper lip)",Front,ratio,continuous,Yes,No,FQ-HARMONY;COMM-PDF-2026;COMM-FRONT-2026,Unknown,"FaceIQ per-analysis numerical reference range/scoring curve is not publicly enumerated. Tier bands shown are community-published, not FaceIQ and not scientific consensus."
FQ_H_007,Harmony — Front,Bitemporal Width,Temple width relative to cheekbone width.,bilateral temple extremes; bilateral zygion,temple width / cheekbone width × 100,Front,%,continuous,Yes,No,FQ-HARMONY;COMM-PDF-2026;COMM-FRONT-2026,Unknown,"FaceIQ per-analysis numerical reference range/scoring curve is not publicly enumerated. Tier bands shown are community-published, not FaceIQ and not scientific consensus."
FQ_H_008,Harmony — Front,Cheekbone Height,Vertical cheekbone setness relative to pupil-to-lip height.,cheekbone height reference; upper lip; pupil level,"vertical distance(upper lip,cheekbone level) / vertical distance(upper lip,pupil level) × 100",Front,%,continuous,Yes,No,FQ-HARMONY;COMM-PDF-2026;COMM-FRONT-2026,Unknown,"FaceIQ per-analysis numerical reference range/scoring curve is not publicly enumerated. Tier bands shown are community-published, not FaceIQ and not scientific consensus."
FQ_H_009,Harmony — Front,Eye Separation Ratio,Interpupillary distance relative to cheekbone width.,pupil centers; bilateral zygion,interpupillary distance / cheekbone width × 100,Front,%,continuous,Yes,No,FQ-HARMONY;COMM-PDF-2026;COMM-FRONT-2026,Unknown,"FaceIQ per-analysis numerical reference range/scoring curve is not publicly enumerated. Tier bands shown are community-published, not FaceIQ and not scientific consensus."
FQ_H_010,Harmony — Front,Eye Aspect Ratio,Average palpebral fissure width relative to eye opening height.,medial/lateral canthi; upper/lower eyelid margins,mean eye fissure width / eye opening height,Front,ratio,continuous,Yes,No,FQ-HARMONY;COMM-PDF-2026;COMM-FRONT-2026,Unknown,"FaceIQ per-analysis numerical reference range/scoring curve is not publicly enumerated. Tier bands shown are community-published, not FaceIQ and not scientific consensus."
FQ_H_011,Harmony — Front,One Eye Apart Test,Inner-canthus gap relative to an eye-region span.,medial canthi; lateral/outer eye hood landmarks,inner-corner gap / mean eye-region span,Front,ratio,continuous,Yes,No,FQ-HARMONY;COMM-PDF-2026;COMM-FRONT-2026,Unknown,"FaceIQ per-analysis numerical reference range/scoring curve is not publicly enumerated. Tier bands shown are community-published, not FaceIQ and not scientific consensus."
FQ_H_012,Harmony — Front,Lateral Canthal Tilt,Average inner-to-outer canthus inclination relative to horizontal.,medial and lateral canthi both eyes,"mean signed angle(inner canthus→outer canthus, horizontal)",Front,degrees,continuous,Yes,No,FQ-HARMONY;COMM-PDF-2026;COMM-FRONT-2026,Unknown,"FaceIQ per-analysis numerical reference range/scoring curve is not publicly enumerated. Tier bands shown are community-published, not FaceIQ and not scientific consensus."
FQ_H_013,Harmony — Front,Eyebrow Tilt,Average inner-brow-to-arch inclination relative to horizontal.,inner brow midpoint; brow arch both sides,"mean angle(inner brow→arch, horizontal)",Front,degrees,continuous,Yes,No,FQ-HARMONY;COMM-PDF-2026;COMM-FRONT-2026,Unknown,"FaceIQ per-analysis numerical reference range/scoring curve is not publicly enumerated. Tier bands shown are community-published, not FaceIQ and not scientific consensus."
FQ_H_014,Harmony — Front,Eyebrow Low-Setness,Pupil-to-inner-brow height relative to eye opening height.,pupil centers; inner brow; eyelid margins,"abs vertical(pupil,inner brow) / mean eye opening height",Front,ratio,continuous,Yes,No,FQ-HARMONY;COMM-PDF-2026;COMM-FRONT-2026,Unknown,"FaceIQ per-analysis numerical reference range/scoring curve is not publicly enumerated. Tier bands shown are community-published, not FaceIQ and not scientific consensus."
FQ_H_015,Harmony — Front,Brow Thickness,Supporting measurement of brow thickness relative to brow/eye-region width.,brow peak/arch boundaries; inner brow; outer hood,mean brow thickness / inner-brow-to-outer-hood width × 100,Front,%,continuous,Yes,No,FQ-HARMONY,Unknown,FaceIQ supporting guide; no Harmony score weight. FaceIQ per-analysis numerical reference range/scoring curve is not publicly enumerated.
FQ_H_016,Harmony — Front,Brow Length to Face Width Ratio,Combined brow span relative to cheekbone width.,inner/outer brow endpoints; bilateral zygion,(left brow span + right brow span) / cheekbone width,Front,ratio,continuous,Yes,No,FQ-HARMONY,Unknown,FaceIQ per-analysis numerical reference range/scoring curve is not publicly enumerated.
FQ_H_017,Harmony — Front,Upper Eyelid Exposure,Supporting measurement of visible upper lid relative to eye opening.,upper lid margin; lid crease; eyelid opening,mean lid-margin-to-crease / eye-opening height,Front,ratio,continuous,Yes,No,FQ-HARMONY,Unknown,FaceIQ supporting guide; no Harmony score weight. FaceIQ per-analysis numerical reference range/scoring curve is not publicly enumerated.
FQ_H_018,Harmony — Front,Nose Tip Position,"Vertical position of nasal tip/bottom relative to nasal-base reference, scaled by assumed face height.",nose bottom/tip reference; nasal base; face-height scale,(nose-bottom y − nasal-base y) × photo scale,Front,estimated mm,continuous,Yes,Yes,FQ-HARMONY,Unknown,FaceIQ per-analysis numerical reference range/scoring curve is not publicly enumerated.
FQ_H_019,Harmony — Front,Intercanthal-Nasal Width Ratio,Alar width relative to inner-canthal distance.,bilateral alare; bilateral medial canthi,alar width / inner-canthal distance,Front,ratio,continuous,Yes,No,FQ-HARMONY,Unknown,FaceIQ per-analysis numerical reference range/scoring curve is not publicly enumerated.
FQ_H_020,Harmony — Front,Nose Bridge to Nose Width,Nasal-base width relative to bridge width.,bilateral alare/nasal base; bridge-width landmarks,alar-base width / nose-bridge width,Front,ratio,continuous,Yes,No,FQ-HARMONY,Unknown,FaceIQ per-analysis numerical reference range/scoring curve is not publicly enumerated.
FQ_H_021,Harmony — Front,Ipsilateral Alar Angle,Frontal angle centered at nasal base/bottom toward bilateral outer eye/hood landmarks.,nose bottom; left/right outer eyelid/hood,angle(left outer eye/hood → nose bottom → right outer eye/hood),Front,degrees,continuous,Yes,No,FQ-HARMONY;COMM-PDF-2026;COMM-FRONT-2026,Unknown,"FaceIQ per-analysis numerical reference range/scoring curve is not publicly enumerated. Tier bands shown are community-published, not FaceIQ and not scientific consensus."
FQ_H_022,Harmony — Front,Midface–Jaw Angle Difference,Absolute difference between ipsilateral alar angle and jaw frontal angle.,landmarks for IAA and JFA,abs(Ipsilateral Alar Angle − Jaw Frontal Angle),Front,degrees,continuous,Yes,No,FQ-HARMONY;COMM-PDF-2026;COMM-FRONT-2026,Unknown,"FaceIQ per-analysis numerical reference range/scoring curve is not publicly enumerated. Tier bands shown are community-published, not FaceIQ and not scientific consensus."
FQ_H_023,Harmony — Front,Lip Thickness,Supporting total lip height relative to lower-face height.,Cupid’s bow; lower lip; nasal base; chin,lip height / nasal-base-to-chin height × 100,Front,%,continuous,Yes,No,FQ-HARMONY,Unknown,FaceIQ supporting guide; no Harmony score weight. FaceIQ per-analysis numerical reference range/scoring curve is not publicly enumerated.
FQ_H_024,Harmony — Front,Lower Lip to Upper Lip Ratio,Lower vermilion height relative to upper vermilion height.,mouth seam; lower lip border; Cupid’s bow,mouth-seam-to-lower-lip / Cupid’s-bow-to-mouth-seam,Front,ratio,continuous,Yes,No,FQ-HARMONY;COMM-PDF-2026;COMM-FRONT-2026,Unknown,"FaceIQ per-analysis numerical reference range/scoring curve is not publicly enumerated. Tier bands shown are community-published, not FaceIQ and not scientific consensus."
FQ_H_025,Harmony — Front,Cupid’s Bow Depth,"Vertical depth from upper-lip peaks to central dip, photo-scaled.",Cupid’s bow central dip and peaks; face-height scale,(central-dip y − peak y) × photo scale,Front,estimated mm,continuous,Yes,Yes,FQ-HARMONY,Unknown,FaceIQ per-analysis numerical reference range/scoring curve is not publicly enumerated.
FQ_H_026,Harmony — Front,Mouth-to-Nose Width Ratio,Mouth width relative to alar width.,mouth corners; bilateral alare,mouth-corner width / alar width,Front,ratio,continuous,Yes,No,FQ-HARMONY;COMM-PDF-2026;COMM-FRONT-2026,Unknown,"FaceIQ per-analysis numerical reference range/scoring curve is not publicly enumerated. Tier bands shown are community-published, not FaceIQ and not scientific consensus."
FQ_H_027,Harmony — Front,Interpupillary-Mouth Width Ratio,Mouth width relative to interpupillary distance.,mouth corners; pupil centers,mouth width / interpupillary distance,Front,ratio,continuous,Yes,No,FQ-HARMONY,Unknown,FaceIQ per-analysis numerical reference range/scoring curve is not publicly enumerated.
FQ_H_028,Harmony — Front,Mouth Corner Position,"Vertical position of mouth corners relative to mouth center, photo-scaled.",mouth center; mouth corners; face-height scale,mean(mouth-center y − corner y) × photo scale,Front,estimated mm,continuous,Yes,Yes,FQ-HARMONY,Unknown,FaceIQ per-analysis numerical reference range/scoring curve is not publicly enumerated.
FQ_H_029,Harmony — Front,Chin-to-Philtrum Ratio,Lower-lip-to-chin distance relative to philtrum height.,lower lip; chin; nasal base; Cupid’s bow,"distance(lower lip,chin) / distance(nasal base,Cupid’s bow)",Front,ratio,continuous,Yes,No,FQ-HARMONY;COMM-PDF-2026;COMM-FRONT-2026,Unknown,"FaceIQ per-analysis numerical reference range/scoring curve is not publicly enumerated. Tier bands shown are community-published, not FaceIQ and not scientific consensus."
FQ_H_030,Harmony — Front,Jaw Frontal Angle,Frontal mandibular taper angle constructed from gonion/chin-border directions.,bilateral gonion; chin-border directions,"180° − angle(left gonion/chin direction, right gonion/chin direction)",Front,degrees,continuous,Yes,No,FQ-HARMONY;COMM-PDF-2026;COMM-FRONT-2026,Unknown,"FaceIQ per-analysis numerical reference range/scoring curve is not publicly enumerated. Tier bands shown are community-published, not FaceIQ and not scientific consensus."
FQ_H_031,Harmony — Front,Jaw Slope,Average interior angle formed by cheek–gonion and gonion–chin segments.,cheek point; gonion; chin point both sides,"mean interior angle(cheek→gonion, gonion→chin)",Front,degrees,continuous,Yes,No,FQ-HARMONY,Unknown,FaceIQ per-analysis numerical reference range/scoring curve is not publicly enumerated.
FQ_H_032,Harmony — Front,Bigonial Width,Jaw-angle width relative to cheekbone width.,bilateral gonion; bilateral zygion,bigonial width / bizygomatic width × 100,Front,%,continuous,Yes,No,FQ-HARMONY;COMM-PDF-2026;COMM-FRONT-2026,Unknown,"FaceIQ per-analysis numerical reference range/scoring curve is not publicly enumerated. Tier bands shown are community-published, not FaceIQ and not scientific consensus."
FQ_H_033,Harmony — Front,Lower Third Proportion,Upper segment of lower third relative to nasal-base-to-chin height.,nose bottom/subnasale; mouth seam; chin,"distance(nose bottom,mouth seam) / distance(nose bottom,chin) × 100",Front,%,continuous,Yes,No,FQ-HARMONY;COMM-PDF-2026;COMM-FRONT-2026,Unknown,"FaceIQ per-analysis numerical reference range/scoring curve is not publicly enumerated. Tier bands shown are community-published, not FaceIQ and not scientific consensus."
FQ_H_034,Harmony — Front,Ear Protrusion Ratio,Horizontal ear-to-cheek separation relative to cheekbone width.,outer ear; adjacent cheek reference; zygion,mean horizontal ear-cheek gap / cheekbone width × 100,Front,%,continuous,Yes,No,FQ-HARMONY,Unknown,FaceIQ per-analysis numerical reference range/scoring curve is not publicly enumerated.
FQ_H_035,Harmony — Front,Ear Protrusion Angle,Ear protrusion direction relative to vertical.,outer ear; cheek/mouth-level reference,"mean angle(outer ear→cheek reference, vertical)",Front,degrees,continuous,Yes,No,FQ-HARMONY,Unknown,FaceIQ per-analysis numerical reference range/scoring curve is not publicly enumerated.
FQ_H_036,Harmony — Front,Neck Width,Visible neck width relative to jaw width.,lateral neck edges; jaw-width landmarks,neck width / jaw width × 100,Front,%,continuous,Yes,No,FQ-HARMONY;COMM-PDF-2026;COMM-FRONT-2026,Unknown,"FaceIQ per-analysis numerical reference range/scoring curve is not publicly enumerated. Tier bands shown are community-published, not FaceIQ and not scientific consensus."
FQ_H_037,Harmony — Profile,Browridge Inclination Angle,Browridge/upper-forehead inclination relative to image vertical.,hairline; glabella; vertical reference,"acute angle(hairline→glabella, photo vertical)",Profile,degrees,continuous,Yes,No,FQ-HARMONY;COMM-PDF-2026,Unknown,"Definition/convention must match exactly before importing external clinical norms; per-analysis FaceIQ numerical reference settings are not public. Tier bands shown are community-published, not FaceIQ and not scientific consensus."
FQ_H_038,Harmony — Profile,Nasofrontal Angle,Profile angle at nasion connecting glabella and supratip.,glabella; nasion; supratip,angle(glabella→nasion→supratip),Profile,degrees,continuous,Yes,No,FQ-HARMONY;COMM-PDF-2026;NFA-2016,Moderate,"Definition/convention must match exactly before importing external clinical norms; per-analysis FaceIQ numerical reference settings are not public. Tier bands shown are community-published, not FaceIQ and not scientific consensus."
FQ_H_039,Harmony — Profile,Upper Forehead Slope,Upper forehead contour angle.,hairline; glabella; forehead landmark,angle(hairline→glabella→forehead landmark),Profile,degrees,continuous,Yes,No,FQ-HARMONY,Unknown,Definition/convention must match exactly before importing external clinical norms; per-analysis FaceIQ numerical reference settings are not public.
FQ_H_040,Harmony — Profile,Facial Convexity (Nasion),"Profile convexity using nasion, subnasale and pogonion.",nasion; subnasale; soft-tissue pogonion,oriented angle(nasion→subnasale→pogonion),Profile,degrees,continuous,Yes,No,FQ-HARMONY;COMM-PDF-2026,Unknown,"Definition/convention must match exactly before importing external clinical norms; per-analysis FaceIQ numerical reference settings are not public. Tier bands shown are community-published, not FaceIQ and not scientific consensus."
FQ_H_041,Harmony — Profile,Facial Convexity (Glabella),"Profile convexity using glabella, subnasale and pogonion.",glabella; subnasale; soft-tissue pogonion,oriented angle(glabella→subnasale→pogonion),Profile,degrees,continuous,Yes,No,FQ-HARMONY;COMM-PDF-2026,Unknown,"Definition/convention must match exactly before importing external clinical norms; per-analysis FaceIQ numerical reference settings are not public. Tier bands shown are community-published, not FaceIQ and not scientific consensus."
FQ_H_042,Harmony — Profile,Total Facial Convexity,"Overall profile convexity using glabella, nasal tip and pogonion.",glabella; pronasale; soft-tissue pogonion,oriented angle(glabella→pronasale→pogonion),Profile,degrees,continuous,Yes,No,FQ-HARMONY;COMM-PDF-2026,Unknown,"Definition/convention must match exactly before importing external clinical norms; per-analysis FaceIQ numerical reference settings are not public. Tier bands shown are community-published, not FaceIQ and not scientific consensus."
FQ_H_043,Harmony — Profile,Facial Depth to Height Ratio,Profile facial depth relative to selected vertical facial height.,tragus; subnasale; nasion; sublabiale,"distance(tragus,subnasale) / distance(nasion,sublabiale)",Profile,ratio,continuous,Yes,No,FQ-HARMONY,Unknown,Definition/convention must match exactly before importing external clinical norms; per-analysis FaceIQ numerical reference settings are not public.
FQ_H_044,Harmony — Profile,Orbital Vector,"Horizontal relation of infraorbital/lower-eyelid point to corneal apex, photo-scaled.",orbitale/lower eyelid; corneal apex,(orbitale x − corneal-apex x) × photo scale,Profile,estimated mm,continuous,Yes,Yes,FQ-HARMONY;COMM-PDF-2026,Unknown,"Definition/convention must match exactly before importing external clinical norms; per-analysis FaceIQ numerical reference settings are not public. Tier bands shown are community-published, not FaceIQ and not scientific consensus."
FQ_H_045,Harmony — Profile,Interior Midface Projection Angle,Profile midface projection angle from lower eyelid to subalare.,lower eyelid; subalare,atan(vertical separation / abs(horizontal separation)),Profile,degrees,continuous,Yes,No,FQ-HARMONY,Unknown,Definition/convention must match exactly before importing external clinical norms; per-analysis FaceIQ numerical reference settings are not public.
FQ_H_046,Harmony — Profile,Z Angle,"FaceIQ soft-tissue Z-angle adaptation using pogonion, upper lip and Frankfort direction.",pogonion; upper lip; porion; orbitale,"angle(pogonion–upper-lip direction, porion–orbitale direction)",Profile,degrees,continuous,Yes,No,FQ-HARMONY,Unknown,Definition/convention must match exactly before importing external clinical norms; per-analysis FaceIQ numerical reference settings are not public.
FQ_H_047,Harmony — Profile,Anterior Facial Depth,Angle describing anterior midface depth from tragus/subalare/lower eyelid.,tragus; subalare; lower eyelid,angle(tragus→subalare→lower eyelid),Profile,degrees,continuous,Yes,No,FQ-HARMONY,Unknown,Definition/convention must match exactly before importing external clinical norms; per-analysis FaceIQ numerical reference settings are not public.
FQ_H_048,Harmony — Profile,Nasal Projection,Profile nasal tip projection relative to dorsum/tip length.,subalare; pronasale; extended dorsum reference,horizontal projection(subalare→tip) / tip-to-dorsum-reference length,Profile,ratio,continuous,Yes,No,FQ-HARMONY;COMM-PDF-2026,Unknown,"Definition/convention must match exactly before importing external clinical norms; per-analysis FaceIQ numerical reference settings are not public. Tier bands shown are community-published, not FaceIQ and not scientific consensus."
FQ_H_049,Harmony — Profile,Nasal Tip Angle,Angle at pronasale between supratip and infratip.,supratip; pronasale; infratip,angle(supratip→pronasale→infratip),Profile,degrees,continuous,Yes,No,FQ-HARMONY;COMM-PDF-2026,Unknown,"Definition/convention must match exactly before importing external clinical norms; per-analysis FaceIQ numerical reference settings are not public. Tier bands shown are community-published, not FaceIQ and not scientific consensus."
FQ_H_050,Harmony — Profile,Nose Tip Rotation Angle,Columellar/nasal-base inclination relative to Frankfort horizontal.,subnasale; columella; porion; orbitale,"signed angle(subnasale–columella, porion–orbitale)",Profile,degrees,continuous,Yes,No,FQ-HARMONY,Unknown,Definition/convention must match exactly before importing external clinical norms; per-analysis FaceIQ numerical reference settings are not public.
FQ_H_051,Harmony — Profile,Nasolabial Angle,Angle between columellar direction and upper-lip direction at subnasale.,columella; subnasale; upper lip/labrale superius,angle(columella→subnasale→upper lip),Profile,degrees,continuous,Yes,No,FQ-HARMONY;COMM-PDF-2026;NLA-2012;NLA-2013;NLA-2014;NLA-2023;WEN-2015,Moderate,"Definition/convention must match exactly before importing external clinical norms; per-analysis FaceIQ numerical reference settings are not public. Tier bands shown are community-published, not FaceIQ and not scientific consensus."
FQ_H_052,Harmony — Profile,Nasofacial Angle,Acute angle describing nasal prominence relative to facial profile direction.,pronasale; nasion; pogonion,acute angle(pronasale→nasion→pogonion),Profile,degrees,continuous,Yes,No,FQ-HARMONY;COMM-PDF-2026;NASOFACIAL-2016;WEN-2015,Moderate,"Definition/convention must match exactly before importing external clinical norms; per-analysis FaceIQ numerical reference settings are not public. Tier bands shown are community-published, not FaceIQ and not scientific consensus."
FQ_H_053,Harmony — Profile,Nasomental Angle,"Angle formed by nasion, nasal tip and pogonion.",nasion; pronasale; pogonion,angle(nasion→pronasale→pogonion),Profile,degrees,continuous,Yes,No,FQ-HARMONY;COMM-PDF-2026,Unknown,"Definition/convention must match exactly before importing external clinical norms; per-analysis FaceIQ numerical reference settings are not public. Tier bands shown are community-published, not FaceIQ and not scientific consensus."
FQ_H_054,Harmony — Profile,Nasal Width-to-Height Ratio,FaceIQ profile nasal projection/reach divided by vertical nasal height.,pronasale; subalare; corneal-apex level,abs(tip x−subalare x) / abs(corneal-apex y−tip y),Profile,ratio,continuous,Yes,No,FQ-HARMONY;COMM-PDF-2026,Unknown,"Definition/convention must match exactly before importing external clinical norms; per-analysis FaceIQ numerical reference settings are not public. Tier bands shown are community-published, not FaceIQ and not scientific consensus."
FQ_H_055,Harmony — Profile,Frankfort-tip Angle,Angle of nasal-base-to-tip line relative to Frankfort horizontal.,subnasale; pronasale; porion; orbitale,"abs angle(subnasale–pronasale, porion–orbitale)",Profile,degrees,continuous,Yes,No,FQ-HARMONY,Unknown,Definition/convention must match exactly before importing external clinical norms; per-analysis FaceIQ numerical reference settings are not public.
FQ_H_056,Harmony — Profile,Lower Lip S-Line Position,"Signed perpendicular lower-lip position relative to Steiner S-line, photo-scaled.",lower lip; S-line endpoints (nasal-base/tip midpoint and soft chin),"signed perpendicular distance(lower lip,S-line) × scale",Profile,estimated mm,continuous,Yes,Yes,FQ-HARMONY;COMM-PDF-2026,Unknown,"Definition/convention must match exactly before importing external clinical norms; per-analysis FaceIQ numerical reference settings are not public. Tier bands shown are community-published, not FaceIQ and not scientific consensus."
FQ_H_057,Harmony — Profile,Upper Lip S-Line Position,"Signed perpendicular upper-lip position relative to Steiner S-line, photo-scaled.",upper lip; S-line endpoints,"signed perpendicular distance(upper lip,S-line) × scale",Profile,estimated mm,continuous,Yes,Yes,FQ-HARMONY;COMM-PDF-2026,Unknown,"Definition/convention must match exactly before importing external clinical norms; per-analysis FaceIQ numerical reference settings are not public. Tier bands shown are community-published, not FaceIQ and not scientific consensus."
FQ_H_058,Harmony — Profile,Lower Lip E-Line,"Signed perpendicular lower-lip position relative to Ricketts E-line, photo-scaled.",lower lip; pronasale; soft-tissue pogonion,"signed perpendicular distance(lower lip,pronasale→pogonion) × scale",Profile,estimated mm,continuous,Yes,Yes,FQ-HARMONY;COMM-PDF-2026,Unknown,"Definition/convention must match exactly before importing external clinical norms; per-analysis FaceIQ numerical reference settings are not public. Tier bands shown are community-published, not FaceIQ and not scientific consensus."
FQ_H_059,Harmony — Profile,Upper Lip E-Line,"Signed perpendicular upper-lip position relative to Ricketts E-line, photo-scaled.",upper lip; pronasale; soft-tissue pogonion,"signed perpendicular distance(upper lip,pronasale→pogonion) × scale",Profile,estimated mm,continuous,Yes,Yes,FQ-HARMONY;COMM-PDF-2026,Unknown,"Definition/convention must match exactly before importing external clinical norms; per-analysis FaceIQ numerical reference settings are not public. Tier bands shown are community-published, not FaceIQ and not scientific consensus."
FQ_H_060,Harmony — Profile,Lower Lip Burstone Line,"Signed perpendicular lower-lip position relative to Burstone line, photo-scaled.",lower lip; subnasale; soft-tissue pogonion,"signed perpendicular distance(lower lip,subnasale→pogonion) × scale",Profile,estimated mm,continuous,Yes,Yes,FQ-HARMONY;COMM-PDF-2026,Unknown,"Definition/convention must match exactly before importing external clinical norms; per-analysis FaceIQ numerical reference settings are not public. Tier bands shown are community-published, not FaceIQ and not scientific consensus."
FQ_H_061,Harmony — Profile,Upper Lip Burstone Line,"Signed perpendicular upper-lip position relative to Burstone line, photo-scaled.",upper lip; subnasale; soft-tissue pogonion,"signed perpendicular distance(upper lip,subnasale→pogonion) × scale",Profile,estimated mm,continuous,Yes,Yes,FQ-HARMONY;COMM-PDF-2026,Unknown,"Definition/convention must match exactly before importing external clinical norms; per-analysis FaceIQ numerical reference settings are not public. Tier bands shown are community-published, not FaceIQ and not scientific consensus."
FQ_H_062,Harmony — Profile,Holdaway H Line,Lower-lip position relative to H-line joining upper lip and pogonion.,lower lip; upper lip; pogonion,"signed perpendicular distance(lower lip,upper-lip→pogonion) × scale",Profile,estimated mm,continuous,Yes,Yes,FQ-HARMONY;COMM-PDF-2026,Unknown,"Definition/convention must match exactly before importing external clinical norms; per-analysis FaceIQ numerical reference settings are not public. Tier bands shown are community-published, not FaceIQ and not scientific consensus."
FQ_H_063,Harmony — Profile,Mentolabial Angle,"Angle of labiomental fold between lower lip, sublabiale and pogonion.",lower lip; sublabiale; pogonion,angle(lower lip→sublabiale→pogonion),Profile,degrees,continuous,Yes,No,FQ-HARMONY;COMM-PDF-2026;MENTOLABIAL-2017,Moderate,"Definition/convention must match exactly before importing external clinical norms; per-analysis FaceIQ numerical reference settings are not public. Tier bands shown are community-published, not FaceIQ and not scientific consensus."
FQ_H_064,Harmony — Profile,Gonial Angle,Soft-tissue/profile gonial angle constructed from ramus and mandibular border directions.,ear/ramus reference; gonion; chin-border reference,"angle(ramus direction at gonion, mandibular-border direction)",Profile,degrees,continuous,Yes,No,FQ-HARMONY;COMM-PDF-2026,Unknown,"Definition/convention must match exactly before importing external clinical norms; per-analysis FaceIQ numerical reference settings are not public. Tier bands shown are community-published, not FaceIQ and not scientific consensus."
FQ_H_065,Harmony — Profile,Mandibular Plane Angle,Mandibular border inclination relative to image horizontal.,constructed posterior/anterior mandibular-border points; horizontal,"acute angle(mandibular plane, image horizontal)",Profile,degrees,continuous,Yes,No,FQ-HARMONY;COMM-PDF-2026,Unknown,"Definition/convention must match exactly before importing external clinical norms; per-analysis FaceIQ numerical reference settings are not public. Tier bands shown are community-published, not FaceIQ and not scientific consensus."
FQ_H_066,Harmony — Profile,Ramus to Mandible Ratio,Profile ramus length relative to mandibular body length.,tragus; jaw-line intersection/gonial reference; chin-vertical reference,"distance(tragus,jaw intersection) / distance(jaw intersection,chin reference)",Profile,ratio,continuous,Yes,No,FQ-HARMONY;COMM-PDF-2026,Unknown,"Definition/convention must match exactly before importing external clinical norms; per-analysis FaceIQ numerical reference settings are not public. Tier bands shown are community-published, not FaceIQ and not scientific consensus."
FQ_H_067,Harmony — Profile,Gonion-to-Mouth Line,"Vertical position of constructed gonion relative to mouth-corner level, photo-scaled.",constructed gonion; mouth corner; face-height scale,(gonion y − mouth-corner y) × scale,Profile,estimated mm,continuous,Yes,Yes,FQ-HARMONY;COMM-PDF-2026,Unknown,"Definition/convention must match exactly before importing external clinical norms; per-analysis FaceIQ numerical reference settings are not public. Tier bands shown are community-published, not FaceIQ and not scientific consensus."
FQ_H_068,Harmony — Profile,Chin Position Relative to Frankfort Plane,"Horizontal pogonion position relative to nasion after Frankfort orientation, photo-scaled.",pogonion; nasion; porion; orbitale,(pogonion x − nasion x) × scale after Frankfort orientation,Profile,estimated mm,continuous,Yes,Yes,FQ-HARMONY;COMM-PDF-2026,Unknown,"Definition/convention must match exactly before importing external clinical norms; per-analysis FaceIQ numerical reference settings are not public. Tier bands shown are community-published, not FaceIQ and not scientific consensus."
FQ_H_069,Harmony — Profile,Submental Cervical Angle,Angle at cervical point between submental and neck directions.,menton; cervical point; neck point,angle(menton→cervical point→neck point),Profile,degrees,continuous,Yes,No,FQ-HARMONY;COMM-PDF-2026;SUBMENTAL-2016,Moderate,"Definition/convention must match exactly before importing external clinical norms; per-analysis FaceIQ numerical reference settings are not public. Tier bands shown are community-published, not FaceIQ and not scientific consensus."
FQ_H_070,Harmony — Profile,Eye Protrusion,"Supporting profile corneal protrusion relative to lower-eyelid reference, photo-scaled.",corneal apex; lower eyelid; face-height scale,(corneal apex x − lower-eyelid x) × scale,Profile,estimated mm,continuous,Yes,Yes,FQ-HARMONY,Unknown,FaceIQ supporting guide; no Harmony score weight. Definition/convention must match exactly before importing external clinical norms; per-analysis FaceIQ numerical reference settings are not public.
FQ_H_071,Harmony — Profile,Brow Bossing Angle,Supporting brow projection angle at nasion/glabella.,vertical point above nasion; nasion; glabella,angle(vertical-above-nasion→nasion→glabella),Profile,degrees,continuous,Yes,No,FQ-HARMONY,Unknown,FaceIQ supporting guide; no Harmony score weight. Definition/convention must match exactly before importing external clinical norms; per-analysis FaceIQ numerical reference settings are not public.
FQ_A_01,Angularity,Cheekbone Prominence,Vision-model estimate of prominence/visibility of cheekbones.,Image region; no public landmark formula,Vision morph placement,Front/Profile,0–10 rating,continuous,Yes,No,FQ-ANG,Unknown,FaceIQ public scoring construct; vision-model validity/calibration against independent human ratings is not publicly documented.
FQ_A_02,Angularity,Jaw Definition,Vision-model estimate of sharpness/definition of jawline.,Image region; no public landmark formula,Vision morph placement,Front/Profile,0–10 rating,continuous,Yes,No,FQ-ANG,Unknown,FaceIQ public scoring construct; vision-model validity/calibration against independent human ratings is not publicly documented.
FQ_A_03,Angularity,Cheek Leanness,Vision-model estimate of leanness/definition of cheek region.,Image region; no public landmark formula,Vision morph placement,Front/Profile,0–10 rating,continuous,Yes,No,FQ-ANG,Unknown,FaceIQ public scoring construct; vision-model validity/calibration against independent human ratings is not publicly documented.
FQ_A_04,Angularity,Chin Definition,Vision-model estimate of definition/shape of chin.,Image region; no public landmark formula,Vision morph placement,Front/Profile,0–10 rating,continuous,Yes,No,FQ-ANG,Unknown,FaceIQ public scoring construct; vision-model validity/calibration against independent human ratings is not publicly documented.
FQ_A_05,Angularity,Submental Definition,Vision-model estimate of under-chin/neck definition.,Image region; no public landmark formula,Vision morph placement,Front/Profile,0–10 rating,continuous,Yes,No,FQ-ANG,Unknown,FaceIQ public scoring construct; vision-model validity/calibration against independent human ratings is not publicly documented.
FQ_D_01,Sexual Dimorphism,Jaw,Vision-morph assessment of how jaw reads along opposite-sex-typical to same-sex-typical continuum.,Image region; no public landmark formula,Vision morph placement,Front/Profile,0–10 rating,continuous,Yes,No,FQ-DIM,Unknown,Not an attractiveness measure by itself. FaceIQ detailed page publicly lists 11 traits while scores page says 10 assessments; preserve this documentation mismatch.
FQ_D_02,Sexual Dimorphism,Brow Ridge,Vision-morph assessment of how brow ridge reads along opposite-sex-typical to same-sex-typical continuum.,Image region; no public landmark formula,Vision morph placement,Front/Profile,0–10 rating,continuous,Yes,No,FQ-DIM,Unknown,Not an attractiveness measure by itself. FaceIQ detailed page publicly lists 11 traits while scores page says 10 assessments; preserve this documentation mismatch.
FQ_D_03,Sexual Dimorphism,Face Shape,Vision-morph assessment of how face shape reads along opposite-sex-typical to same-sex-typical continuum.,Image region; no public landmark formula,Vision morph placement,Front/Profile,0–10 rating,continuous,Yes,No,FQ-DIM,Unknown,Not an attractiveness measure by itself. FaceIQ detailed page publicly lists 11 traits while scores page says 10 assessments; preserve this documentation mismatch.
FQ_D_04,Sexual Dimorphism,Eyes,Vision-morph assessment of how eyes reads along opposite-sex-typical to same-sex-typical continuum.,Image region; no public landmark formula,Vision morph placement,Front/Profile,0–10 rating,continuous,Yes,No,FQ-DIM,Unknown,Not an attractiveness measure by itself. FaceIQ detailed page publicly lists 11 traits while scores page says 10 assessments; preserve this documentation mismatch.
FQ_D_05,Sexual Dimorphism,Eyebrow Thickness,Vision-morph assessment of how eyebrow thickness reads along opposite-sex-typical to same-sex-typical continuum.,Image region; no public landmark formula,Vision morph placement,Front/Profile,0–10 rating,continuous,Yes,No,FQ-DIM,Unknown,Not an attractiveness measure by itself. FaceIQ detailed page publicly lists 11 traits while scores page says 10 assessments; preserve this documentation mismatch.
FQ_D_06,Sexual Dimorphism,Nose,Vision-morph assessment of how nose reads along opposite-sex-typical to same-sex-typical continuum.,Image region; no public landmark formula,Vision morph placement,Front/Profile,0–10 rating,continuous,Yes,No,FQ-DIM,Unknown,Not an attractiveness measure by itself. FaceIQ detailed page publicly lists 11 traits while scores page says 10 assessments; preserve this documentation mismatch.
FQ_D_07,Sexual Dimorphism,Hairline,Vision-morph assessment of how hairline reads along opposite-sex-typical to same-sex-typical continuum.,Image region; no public landmark formula,Vision morph placement,Front/Profile,0–10 rating,continuous,Yes,No,FQ-DIM,Unknown,Not an attractiveness measure by itself. FaceIQ detailed page publicly lists 11 traits while scores page says 10 assessments; preserve this documentation mismatch.
FQ_D_08,Sexual Dimorphism,Hair Length,Vision-morph assessment of how hair length reads along opposite-sex-typical to same-sex-typical continuum.,Image region; no public landmark formula,Vision morph placement,Front/Profile,0–10 rating,continuous,Yes,No,FQ-DIM,Unknown,Not an attractiveness measure by itself. FaceIQ detailed page publicly lists 11 traits while scores page says 10 assessments; preserve this documentation mismatch.
FQ_D_09,Sexual Dimorphism,Facial Hair,Vision-morph assessment of how facial hair reads along opposite-sex-typical to same-sex-typical continuum.,Image region; no public landmark formula,Vision morph placement,Front/Profile,0–10 rating,continuous,Yes,No,FQ-DIM,Unknown,Not an attractiveness measure by itself. FaceIQ detailed page publicly lists 11 traits while scores page says 10 assessments; preserve this documentation mismatch.
FQ_D_10,Sexual Dimorphism,Lips,Vision-morph assessment of how lips reads along opposite-sex-typical to same-sex-typical continuum.,Image region; no public landmark formula,Vision morph placement,Front/Profile,0–10 rating,continuous,Yes,No,FQ-DIM,Unknown,Not an attractiveness measure by itself. FaceIQ detailed page publicly lists 11 traits while scores page says 10 assessments; preserve this documentation mismatch.
FQ_D_11,Sexual Dimorphism,Neck,Vision-morph assessment of how neck reads along opposite-sex-typical to same-sex-typical continuum.,Image region; no public landmark formula,Vision morph placement,Front/Profile,0–10 rating,continuous,Yes,No,FQ-DIM,Unknown,Not an attractiveness measure by itself. FaceIQ detailed page publicly lists 11 traits while scores page says 10 assessments; preserve this documentation mismatch.
FQ_F_01,Features — Skin,Acne,FaceIQ vision assessment of acne severity/quality.,Image region; model-assessed,Vision rating; no public deterministic formula,Front/Profile,0–10 rating,continuous,Yes,No,FQ-FEAT,Unknown,"Highly photo-sensitive; lighting, compression and filters can change the apparent condition. FaceIQ category-level deduction caps are public, exact learned calibration is not."
FQ_F_02,Features — Skin,Acne Scars,FaceIQ vision assessment of acne scars severity/quality.,Image region; model-assessed,Vision rating; no public deterministic formula,Front/Profile,0–10 rating,continuous,Yes,No,FQ-FEAT,Unknown,"Highly photo-sensitive; lighting, compression and filters can change the apparent condition. FaceIQ category-level deduction caps are public, exact learned calibration is not."
FQ_F_03,Features — Skin,Eczema,FaceIQ vision assessment of eczema severity/quality.,Image region; model-assessed,Vision rating; no public deterministic formula,Front/Profile,0–10 rating,continuous,Yes,No,FQ-FEAT,Unknown,"Highly photo-sensitive; lighting, compression and filters can change the apparent condition. FaceIQ category-level deduction caps are public, exact learned calibration is not."
FQ_F_04,Features — Skin,Hyperpigmentation,FaceIQ vision assessment of hyperpigmentation severity/quality.,Image region; model-assessed,Vision rating; no public deterministic formula,Front/Profile,0–10 rating,continuous,Yes,No,FQ-FEAT,Unknown,"Highly photo-sensitive; lighting, compression and filters can change the apparent condition. FaceIQ category-level deduction caps are public, exact learned calibration is not."
FQ_F_05,Features — Skin,Hypopigmentation,FaceIQ vision assessment of hypopigmentation severity/quality.,Image region; model-assessed,Vision rating; no public deterministic formula,Front/Profile,0–10 rating,continuous,Yes,No,FQ-FEAT,Unknown,"Highly photo-sensitive; lighting, compression and filters can change the apparent condition. FaceIQ category-level deduction caps are public, exact learned calibration is not."
FQ_F_06,Features — Skin,Rosacea,FaceIQ vision assessment of rosacea severity/quality.,Image region; model-assessed,Vision rating; no public deterministic formula,Front/Profile,0–10 rating,continuous,Yes,No,FQ-FEAT,Unknown,"Highly photo-sensitive; lighting, compression and filters can change the apparent condition. FaceIQ category-level deduction caps are public, exact learned calibration is not."
FQ_F_07,Features — Hair,Hair Loss,FaceIQ vision assessment of hair loss severity/quality.,Image region; model-assessed,Vision rating; no public deterministic formula,Front/Profile,0–10 rating,continuous,Yes,No,FQ-FEAT,Unknown,"Highly photo-sensitive; lighting, compression and filters can change the apparent condition. FaceIQ category-level deduction caps are public, exact learned calibration is not."
FQ_F_08,Features — Hair,Thinning Hair,FaceIQ vision assessment of thinning hair severity/quality.,Image region; model-assessed,Vision rating; no public deterministic formula,Front/Profile,0–10 rating,continuous,Yes,No,FQ-FEAT,Unknown,"Highly photo-sensitive; lighting, compression and filters can change the apparent condition. FaceIQ category-level deduction caps are public, exact learned calibration is not."
FQ_F_09,Features — Hair,Dry Hair,FaceIQ vision assessment of dry hair severity/quality.,Image region; model-assessed,Vision rating; no public deterministic formula,Front/Profile,0–10 rating,continuous,Yes,No,FQ-FEAT,Unknown,"Highly photo-sensitive; lighting, compression and filters can change the apparent condition. FaceIQ category-level deduction caps are public, exact learned calibration is not."
FQ_F_10,Features — Facial Creasing,Nasolabial Folds,FaceIQ vision assessment of nasolabial folds severity/quality.,Image region; model-assessed,Vision rating; no public deterministic formula,Front/Profile,0–10 rating,continuous,Yes,No,FQ-FEAT,Unknown,"Highly photo-sensitive; lighting, compression and filters can change the apparent condition. FaceIQ category-level deduction caps are public, exact learned calibration is not."
FQ_F_11,Features — Facial Creasing,Forehead Lines,FaceIQ vision assessment of forehead lines severity/quality.,Image region; model-assessed,Vision rating; no public deterministic formula,Front/Profile,0–10 rating,continuous,Yes,No,FQ-FEAT,Unknown,"Highly photo-sensitive; lighting, compression and filters can change the apparent condition. FaceIQ category-level deduction caps are public, exact learned calibration is not."
FQ_F_12,Features — Facial Creasing,Frown Lines,FaceIQ vision assessment of frown lines severity/quality.,Image region; model-assessed,Vision rating; no public deterministic formula,Front/Profile,0–10 rating,continuous,Yes,No,FQ-FEAT,Unknown,"Highly photo-sensitive; lighting, compression and filters can change the apparent condition. FaceIQ category-level deduction caps are public, exact learned calibration is not."
FQ_F_13,Features — Facial Creasing,Crow’s Feet,FaceIQ vision assessment of crow’s feet severity/quality.,Image region; model-assessed,Vision rating; no public deterministic formula,Front/Profile,0–10 rating,continuous,Yes,No,FQ-FEAT,Unknown,"Highly photo-sensitive; lighting, compression and filters can change the apparent condition. FaceIQ category-level deduction caps are public, exact learned calibration is not."
FQ_F_14,Features — Facial Creasing,Mentolabial Creasing,FaceIQ vision assessment of mentolabial creasing severity/quality.,Image region; model-assessed,Vision rating; no public deterministic formula,Front/Profile,0–10 rating,continuous,Yes,No,FQ-FEAT,Unknown,"Highly photo-sensitive; lighting, compression and filters can change the apparent condition. FaceIQ category-level deduction caps are public, exact learned calibration is not."
FQ_F_15,Features — Facial Creasing,Platysmal Bands,FaceIQ vision assessment of platysmal bands severity/quality.,Image region; model-assessed,Vision rating; no public deterministic formula,Front/Profile,0–10 rating,continuous,Yes,No,FQ-FEAT,Unknown,"Highly photo-sensitive; lighting, compression and filters can change the apparent condition. FaceIQ category-level deduction caps are public, exact learned calibration is not."
FQ_F_16,Features — Facial Creasing,Under-eye Wrinkles,FaceIQ vision assessment of under-eye wrinkles severity/quality.,Image region; model-assessed,Vision rating; no public deterministic formula,Front/Profile,0–10 rating,continuous,Yes,No,FQ-FEAT,Unknown,"Highly photo-sensitive; lighting, compression and filters can change the apparent condition. FaceIQ category-level deduction caps are public, exact learned calibration is not."
FQ_F_17,Features — Under-eye,Dark Circles,FaceIQ vision assessment of dark circles severity/quality.,Image region; model-assessed,Vision rating; no public deterministic formula,Front/Profile,0–10 rating,continuous,Yes,No,FQ-FEAT,Unknown,"Highly photo-sensitive; lighting, compression and filters can change the apparent condition. FaceIQ category-level deduction caps are public, exact learned calibration is not."
FQ_F_18,Features — Under-eye,Eye Bags,FaceIQ vision assessment of eye bags severity/quality.,Image region; model-assessed,Vision rating; no public deterministic formula,Front/Profile,0–10 rating,continuous,Yes,No,FQ-FEAT,Unknown,"Highly photo-sensitive; lighting, compression and filters can change the apparent condition. FaceIQ category-level deduction caps are public, exact learned calibration is not."
FQ_F_19,Features — Under-eye,Eye Protrusion (visual),FaceIQ vision assessment of eye protrusion (visual) severity/quality.,Image region; model-assessed,Vision rating; no public deterministic formula,Front/Profile,0–10 rating,continuous,Yes,No,FQ-FEAT,Unknown,"Highly photo-sensitive; lighting, compression and filters can change the apparent condition. FaceIQ category-level deduction caps are public, exact learned calibration is not."
FQ_F_20,Features — Under-eye,Under-eye Redness,FaceIQ vision assessment of under-eye redness severity/quality.,Image region; model-assessed,Vision rating; no public deterministic formula,Front/Profile,0–10 rating,continuous,Yes,No,FQ-FEAT,Unknown,"Highly photo-sensitive; lighting, compression and filters can change the apparent condition. FaceIQ category-level deduction caps are public, exact learned calibration is not."
FQ_F_21,Features — Sclera,Scleral Show,FaceIQ vision assessment of scleral show severity/quality.,Image region; model-assessed,Vision rating; no public deterministic formula,Front/Profile,0–10 rating,continuous,Yes,No,FQ-FEAT,Unknown,"Highly photo-sensitive; lighting, compression and filters can change the apparent condition. FaceIQ category-level deduction caps are public, exact learned calibration is not."
FQ_F_22,Features — Sclera,Sclera Reddening,FaceIQ vision assessment of sclera reddening severity/quality.,Image region; model-assessed,Vision rating; no public deterministic formula,Front/Profile,0–10 rating,continuous,Yes,No,FQ-FEAT,Unknown,"Highly photo-sensitive; lighting, compression and filters can change the apparent condition. FaceIQ category-level deduction caps are public, exact learned calibration is not."
FQ_F_23,Features — Sclera,Sclera Yellowing,FaceIQ vision assessment of sclera yellowing severity/quality.,Image region; model-assessed,Vision rating; no public deterministic formula,Front/Profile,0–10 rating,continuous,Yes,No,FQ-FEAT,Unknown,"Highly photo-sensitive; lighting, compression and filters can change the apparent condition. FaceIQ category-level deduction caps are public, exact learned calibration is not."
FQ_F_24,Features — Brows & Lashes,Eyebrow Density,FaceIQ vision assessment of eyebrow density severity/quality.,Image region; model-assessed,Vision rating; no public deterministic formula,Front/Profile,0–10 rating,continuous,Yes,No,FQ-FEAT,Unknown,"Highly photo-sensitive; lighting, compression and filters can change the apparent condition. FaceIQ category-level deduction caps are public, exact learned calibration is not."
FQ_F_25,Features — Brows & Lashes,Eyelashes,FaceIQ vision assessment of eyelashes severity/quality.,Image region; model-assessed,Vision rating; no public deterministic formula,Front/Profile,0–10 rating,continuous,Yes,No,FQ-FEAT,Unknown,"Highly photo-sensitive; lighting, compression and filters can change the apparent condition. FaceIQ category-level deduction caps are public, exact learned calibration is not."
FQ_F_26,Features — Brows & Lashes,Eyebrow Color,FaceIQ vision assessment of eyebrow color severity/quality.,Image region; model-assessed,Vision rating; no public deterministic formula,Front/Profile,0–10 rating,continuous,Yes,No,FQ-FEAT,Unknown,"Highly photo-sensitive; lighting, compression and filters can change the apparent condition. FaceIQ category-level deduction caps are public, exact learned calibration is not."
FQ_F_27,Features — Upper Eyelid,Droopy Eyelid,FaceIQ vision assessment of droopy eyelid severity/quality.,Image region; model-assessed,Vision rating; no public deterministic formula,Front/Profile,0–10 rating,continuous,Yes,No,FQ-FEAT,Unknown,"Highly photo-sensitive; lighting, compression and filters can change the apparent condition. FaceIQ category-level deduction caps are public, exact learned calibration is not."
FQ_F_28,Features — Upper Eyelid,Upper Eyelid Exposure (visual),FaceIQ vision assessment of upper eyelid exposure (visual) severity/quality.,Image region; model-assessed,Vision rating; no public deterministic formula,Front/Profile,0–10 rating,continuous,Yes,No,FQ-FEAT,Unknown,"Highly photo-sensitive; lighting, compression and filters can change the apparent condition. FaceIQ category-level deduction caps are public, exact learned calibration is not."
FQ_F_29,Features — Nose Shape,Bulbous Nasal Tip,FaceIQ vision assessment of bulbous nasal tip severity/quality.,Image region; model-assessed,Vision rating; no public deterministic formula,Front/Profile,0–10 rating,continuous,Yes,No,FQ-FEAT,Unknown,"Highly photo-sensitive; lighting, compression and filters can change the apparent condition. FaceIQ category-level deduction caps are public, exact learned calibration is not."
FQ_F_30,Features — Nose Shape,Bloated Nasal Bridge,FaceIQ vision assessment of bloated nasal bridge severity/quality.,Image region; model-assessed,Vision rating; no public deterministic formula,Front/Profile,0–10 rating,continuous,Yes,No,FQ-FEAT,Unknown,"Highly photo-sensitive; lighting, compression and filters can change the apparent condition. FaceIQ category-level deduction caps are public, exact learned calibration is not."
FQ_F_31,Features — Nose Shape,Nostril Exposure,FaceIQ vision assessment of nostril exposure severity/quality.,Image region; model-assessed,Vision rating; no public deterministic formula,Front/Profile,0–10 rating,continuous,Yes,No,FQ-FEAT,Unknown,"Highly photo-sensitive; lighting, compression and filters can change the apparent condition. FaceIQ category-level deduction caps are public, exact learned calibration is not."
FQ_F_32,Features — Symmetry,Jaw Symmetry,FaceIQ vision assessment of jaw symmetry severity/quality.,Image region; model-assessed,Vision rating; no public deterministic formula,Front/Profile,0–10 rating,continuous,Yes,No,FQ-FEAT,Unknown,"Highly photo-sensitive; lighting, compression and filters can change the apparent condition. FaceIQ category-level deduction caps are public, exact learned calibration is not."
FQ_F_33,Features — Symmetry,Eye Symmetry,FaceIQ vision assessment of eye symmetry severity/quality.,Image region; model-assessed,Vision rating; no public deterministic formula,Front/Profile,0–10 rating,continuous,Yes,No,FQ-FEAT,Unknown,"Highly photo-sensitive; lighting, compression and filters can change the apparent condition. FaceIQ category-level deduction caps are public, exact learned calibration is not."
FQ_F_34,Features — Symmetry,Eyebrow Symmetry,FaceIQ vision assessment of eyebrow symmetry severity/quality.,Image region; model-assessed,Vision rating; no public deterministic formula,Front/Profile,0–10 rating,continuous,Yes,No,FQ-FEAT,Unknown,"Highly photo-sensitive; lighting, compression and filters can change the apparent condition. FaceIQ category-level deduction caps are public, exact learned calibration is not."
FQ_F_35,Features — Symmetry,Cheekbone Symmetry,FaceIQ vision assessment of cheekbone symmetry severity/quality.,Image region; model-assessed,Vision rating; no public deterministic formula,Front/Profile,0–10 rating,continuous,Yes,No,FQ-FEAT,Unknown,"Highly photo-sensitive; lighting, compression and filters can change the apparent condition. FaceIQ category-level deduction caps are public, exact learned calibration is not."
FQ_F_36,Features — Symmetry,Nose Bridge Symmetry,FaceIQ vision assessment of nose bridge symmetry severity/quality.,Image region; model-assessed,Vision rating; no public deterministic formula,Front/Profile,0–10 rating,continuous,Yes,No,FQ-FEAT,Unknown,"Highly photo-sensitive; lighting, compression and filters can change the apparent condition. FaceIQ category-level deduction caps are public, exact learned calibration is not."
FQ_F_37,Features — Symmetry,Nose Wing Symmetry,FaceIQ vision assessment of nose wing symmetry severity/quality.,Image region; model-assessed,Vision rating; no public deterministic formula,Front/Profile,0–10 rating,continuous,Yes,No,FQ-FEAT,Unknown,"Highly photo-sensitive; lighting, compression and filters can change the apparent condition. FaceIQ category-level deduction caps are public, exact learned calibration is not."
FQ_F_38,Features — Symmetry,Mouth Symmetry,FaceIQ vision assessment of mouth symmetry severity/quality.,Image region; model-assessed,Vision rating; no public deterministic formula,Front/Profile,0–10 rating,continuous,Yes,No,FQ-FEAT,Unknown,"Highly photo-sensitive; lighting, compression and filters can change the apparent condition. FaceIQ category-level deduction caps are public, exact learned calibration is not."
FQ_F_39,Features — Symmetry,Ear Symmetry,FaceIQ vision assessment of ear symmetry severity/quality.,Image region; model-assessed,Vision rating; no public deterministic formula,Front/Profile,0–10 rating,continuous,Yes,No,FQ-FEAT,Unknown,"Highly photo-sensitive; lighting, compression and filters can change the apparent condition. FaceIQ category-level deduction caps are public, exact learned calibration is not."
FQ_F_40,Features — Symmetry,Temple Symmetry,FaceIQ vision assessment of temple symmetry severity/quality.,Image region; model-assessed,Vision rating; no public deterministic formula,Front/Profile,0–10 rating,continuous,Yes,No,FQ-FEAT,Unknown,"Highly photo-sensitive; lighting, compression and filters can change the apparent condition. FaceIQ category-level deduction caps are public, exact learned calibration is not."
FQ_F_41,Features — Symmetry,Vertical Asymmetry,FaceIQ vision assessment of vertical asymmetry severity/quality.,Image region; model-assessed,Vision rating; no public deterministic formula,Front/Profile,0–10 rating,continuous,Yes,No,FQ-FEAT,Unknown,"Highly photo-sensitive; lighting, compression and filters can change the apparent condition. FaceIQ category-level deduction caps are public, exact learned calibration is not."
FQ_F_COLOR,Features — Coloring,Coloring / contrast,"Category-level FaceIQ feature concept involving eye, hair and skin contrast.",Image-wide appearance,Vision assessment; exact sub-assessments not publicly enumerated on overview page,Front,0–10/category score,continuous,Yes,No,FQ-FEAT,Unknown,FaceIQ states coloring category cap (5%) but the overview does not enumerate exact item-level guides in the retrieved public text.
R_ANTH_TRN,Research Anthropometry — Linear,Forehead Height (tr–n),Direct anthropometric trichion-to-nasion height.,trichion; nasion,"Euclidean/projective distance(tr,n)",Front/Direct,mm,continuous,Caution,Yes,FARKAS-2005,High,Use calibrated/direct or scale-referenced photography; hairline placement is error-prone.
R_ANTH_TRGN,Research Anthropometry — Linear,Physiognomic Face Height (tr–gn),Trichion-to-gnathion total facial height.,trichion; gnathion,"distance(tr,gn)",Front/Direct,mm,continuous,Caution,Yes,FARKAS-2005,High,Direct anthropometry source; photographic use needs scale and head-pose control.
R_ANTH_NGN,Research Anthropometry — Linear,Morphologic Face Height (n–gn),Nasion-to-gnathion face height.,nasion; gnathion,"distance(n,gn)",Front/Direct,mm,continuous,Caution,Yes,FARKAS-2005,High,"Normative, not aesthetic."
R_ANTH_SNGN,Research Anthropometry — Linear,Lower Face Height (sn–gn),Subnasale-to-gnathion lower face height.,subnasale; gnathion,"distance(sn,gn)",Front/Direct,mm,continuous,Caution,Yes,FARKAS-2005,High,"Normative, not aesthetic."
R_ANTH_ZYZY,Research Anthropometry — Linear,Bizygomatic Breadth (zy–zy),Maximum cheekbone breadth.,bilateral zygion,"distance(zyL,zyR)",Front/Direct,mm,continuous,Caution,Yes,FARKAS-2005;PHOTO2D-2021,High,2D photographic agreement is weaker than for many central facial dimensions because zygion is a lateral contour landmark.
R_ANTH_GOGO,Research Anthropometry — Linear,Bigonial Breadth (go–go),Mandibular angle breadth.,bilateral gonion,"distance(goL,goR)",Front/Direct,mm,continuous,Caution,Yes,FARKAS-2005;PHOTO2D-2021,High,2D photogrammetry showed clinically important disagreement for this dimension; do not over-interpret photo-derived mm.
R_ANTH_ENEN,Research Anthropometry — Linear,Intercanthal Distance (en–en),Distance between medial canthi.,bilateral endocanthion,"distance(enL,enR)",Front/Direct,mm,continuous,Yes,Yes,FARKAS-2005;ICD-2022,Very High,Population and often sex differences are well documented; measurement method also matters.
R_ANTH_ENEX,Research Anthropometry — Linear,Eye Fissure Length (en–ex),Medial-to-lateral canthus length.,endocanthion; exocanthion,"distance(en,ex)",Front/Direct,mm,continuous,Yes,Yes,FARKAS-2005,High,Average bilateral values when possible.
R_ANTH_EXEX,Research Anthropometry — Linear,Biocular Width (ex–ex),Distance between lateral canthi.,bilateral exocanthion,"distance(exL,exR)",Front/Direct,mm,continuous,Yes,Yes,FARKAS-2005,High,"Normative, not aesthetic."
R_ANTH_NSN,Research Anthropometry — Linear,Nose Height (n–sn),Nasion-to-subnasale height.,nasion; subnasale,"distance(n,sn)",Front/Direct,mm,continuous,Yes,Yes,FARKAS-2005,High,"Normative, not aesthetic."
R_ANTH_ALAL,Research Anthropometry — Linear,Nose Width (al–al),Maximum alar breadth.,bilateral alare,"distance(alL,alR)",Front/Direct,mm,continuous,Yes,Yes,FARKAS-2005,High,Substantial inter-population variability; do not normalize to one universal target.
R_ANTH_NASINC,Research Anthropometry — Angle,Nasal Inclination,Anthropometric nasal inclination angle as defined in Farkas protocol.,Farkas protocol landmarks,Protocol-specific angular measurement,Profile/Direct,degrees,continuous,Caution,No,FARKAS-2005,High,Do not substitute another nasal-angle definition without exact landmark equivalence.
R_ANTH_CHCH,Research Anthropometry — Linear,Mouth Width (ch–ch),Chelion-to-chelion mouth width.,bilateral chelion,"distance(chL,chR)",Front/Direct,mm,continuous,Yes,Yes,FARKAS-2005,High,Expression-sensitive.
R_ANTH_EAR,Research Anthropometry — Linear,Ear Height (sa–sba),Superaurale-to-subaurale ear height.,superaurale; subaurale,"distance(sa,sba)",Front/Profile/Direct,mm,continuous,Caution,Yes,FARKAS-2005,High,Ear landmarks can be obscured; head rotation matters.
R_PAL_V,Research Aesthetic Experiment,Vertical Eye–Mouth Proportion,Vertical eye-to-mouth distance divided by face length in Pallett et al. stimulus geometry.,eye-level reference; mouth; face top/bottom per study,eye-mouth vertical distance / face length ×100,Front,%,continuous,Yes,No,PALLETT-2010,High,Do not map automatically to FaceIQ Midface Ratio; landmark denominator differs.
R_PAL_H,Research Aesthetic Experiment,Horizontal Interocular Proportion,Interocular distance divided by face width in Pallett et al. stimulus geometry.,eye centers; face lateral bounds per study,interocular distance / face width ×100,Front,%,continuous,Yes,No,PALLETT-2010,High,Do not map automatically to FaceIQ Eye Separation Ratio unless definitions match.
R_SYMM_3D,Symmetry — 3D,Mirrored Surface RMSD,Root-mean-square surface distance between a 3D face and its optimally reflected counterpart.,Dense 3D surface,sqrt(mean(surface_distance²)) after symmetry-plane registration,3D,mm,continuous,No (requires 3D),Yes,SYMM-2014,High,Excellent 3D metric but not recoverable faithfully from a single ordinary 2D photograph.
R_FWHR_STD,Research Anthropometry — Ratio,Standard fWHR,Common behavioral-research fWHR: facial width divided by upper-face height.,study-specific zygion/facial-width; upper-face height landmarks,face width / upper-face height,Front,ratio,continuous,Yes,No,FWHR-2015,Very High,Do not merge with FaceIQ FWHR because FaceIQ uses a different height denominator.
