id,type,title,year,url,doi,quality,notes
FQ-HARMONY,official,FaceIQ Labs — Harmony & facial ratios,2026,https://www.faceiqlabs.com/support/harmony,,Primary/official,"71 public guides; 33 front + 33 side scored, five supporting; formulas/definitions public; per-analysis reference ranges, scoring curves and weights are not publicly enumerated."
FQ-SCORES,official,FaceIQ Labs — Understanding your scores,2026,https://www.faceiqlabs.com/support/scores,,Primary/official,"0–10 scale, 5≈average; Harmony ranges said to be adjusted for gender/ethnicity; power-mean aggregation; exact parameters undisclosed."
FQ-START,official,FaceIQ Labs — How FaceIQ Labs works,2026,https://www.faceiqlabs.com/support/getting-started,,Primary/official,Front+profile workflow; roughly 60/40 front/side contribution; gender/ethnicity select reference settings.
FQ-ACCURACY,official,FaceIQ Labs — Why is my rating inaccurate?,2026,https://www.faceiqlabs.com/support/accuracy,,Primary/official,Landmark placement is stated as major error source; ideal ranges/weights described as research-informed but model-based.
FQ-PHOTOS,official,FaceIQ Labs — Taking the right photos,2026,https://www.faceiqlabs.com/support/photos,,Primary/official,"Recommends ~2 m, rear camera, 2× zoom, eye level, neutral expression, even light, true frontal/profile."
FQ-ANG,official,FaceIQ Labs — Angularity,2026,https://www.faceiqlabs.com/support/angularity,,Primary/official,Five 0–10 vision-morph assessments; 10 described as ideal; same rating criteria by gender though morphs differ.
FQ-DIM,official,FaceIQ Labs — Dimorphism,2026,https://www.faceiqlabs.com/support/dimorphism,,Primary/official,0–10 opposite-sex-typical→same-sex-typical morph; public page lists 11 traits although scores page says 10.
FQ-FEAT,official,FaceIQ Labs — Features,2026,https://www.faceiqlabs.com/support/features,,Primary/official,"Vision assessments rated 0–10 where 10 means issue absent; category caps disclosed, exact model validation not public."
COMM-FRONT-2026,community,Looksmax.org — How To Calculate Frontal Facial Harmony,2026,https://looksmax.org/threads/how-to-calculate-frontal-facial-harmony-full-and-most-accurate-guide.1954357/,,Community / unvalidated,"Explicit T1–T6/7 tables. User-generated, internally inconsistent in places. Never treat as scientific or FaceIQ."
COMM-PDF-2026,community,Facial Analysis Formula PDF (Looksmax attachment),2026,https://i.looksmax.org/attachments/2026/03/5994237_Facial_Analysis_Formula.pdf,,Community / unvalidated,Explicit frontal/profile tiers and weights. Contains ambiguous units/inequalities and differs from related forum post in some cells.
FARKAS-2005,research,Farkas et al. International anthropometric study of facial morphology in various ethnic groups/races,2005,https://pubmed.ncbi.nlm.nih.gov/16077306/,10.1097/01.scs.0000171847.58031.9e,High,"1470 healthy adults aged 18–30, 25 ethnic/racial groups, direct anthropometry; normative morphology, not attractiveness."
FARKAS-1985,research,Farkas et al. Vertical and horizontal proportions of the face: revision of neoclassical canons,1985,https://pubmed.ncbi.nlm.nih.gov/3883374/,10.1097/00006534-198503000-00005,High,153 young North American Caucasian adults; most neoclassical canons did not describe average faces.
LE-2002,research,Le et al. Proportionality in Asian and North American Caucasian faces,2002,https://pubmed.ncbi.nlm.nih.gov/11891603/,10.1007/s00266-001-0033-7,High,"Direct comparison of Chinese, Vietnamese, Thai and North American Caucasian adults; classic canons infrequent and population-dependent."
FANG-2011,research,Fang et al. A systematic review of interethnic variability in facial dimensions,2011,https://pubmed.ncbi.nlm.nih.gov/21285791/,10.1097/PRS.0b013e318200afdb,Very High,"2359 individuals across 27 ethnic groups; greatest variability included forehead height, interocular distance, nasal width."
CANONS-2022,research,Khoshab et al. Historical Tools of Anthropometric Facial Assessment,2022,https://pubmed.ncbi.nlm.nih.gov/34515761/,10.1093/asj/sjab339,Very High,Systematic raw-data analysis; no ethnic/gender group consistently approximated neoclassical canons and Phi.
PALLETT-2010,research,"Pallett, Link & Lee — New “golden” ratios for facial beauty",2010,https://pmc.ncbi.nlm.nih.gov/articles/PMC2814183/,10.1016/j.visres.2009.11.003,High,Controlled image-manipulation experiments: ~36% vertical eye-mouth/face length and ~46% interocular/face width optimized ratings for that paradigm.
WEN-2015,research,Wen et al. Inter-Ethnic/Racial Facial Variations: systematic review & Bayesian meta-analysis,2015,https://journals.plos.org/plosone/article?id=10.1371/journal.pone.0134525,10.1371/journal.pone.0134525,Very High,38 photogrammetric studies; sex- and broad population-specific norms; significant differences for several profile angles.
PHOTO2D-2021,research,Reliability and Accuracy of 2D Photogrammetry: A Comparison With Direct Measurement,2021,https://www.frontiersin.org/journals/public-health/articles/10.3389/fpubh.2021.813058/full,10.3389/fpubh.2021.813058,High,96 adults; 2D reliable for many dimensions but bizygomatic and bigonial breadth showed clinically significant disagreement.
SELFIE-2018,research,Ward et al. Nasal Distortion in Short-Distance Photographs: The Selfie Effect,2018,https://pmc.ncbi.nlm.nih.gov/articles/PMC5876805/,10.1001/jamafacial.2018.0009,High,Model predicts ~30% larger nose/bizygomatic ratio at 12 in vs orthographic; ~5 ft essentially removes modeled distortion.
FWHR-2015,research,Geniole et al. Meta-analyses of facial width-to-height ratio,2015,https://pubmed.ncbi.nlm.nih.gov/26181579/,,Very High,"Standard fWHR = face width / upper-face height; tiny sex difference (d=.11, n=10,853), BMI association. Definition is not identical to FaceIQ adaptation."
NLA-2012,research,Armijo et al. Defining the ideal nasolabial angle,2012,https://pubmed.ncbi.nlm.nih.gov/22090249/,,Moderate,"Small manipulated-photo preference study: male 95.96±2.57°, female 97.7±2.32°."
NLA-2013,research,Brown & Guyuron — Redefining the ideal nasolabial angle: expert analysis,2013,https://pubmed.ncbi.nlm.nih.gov/23897350/,10.1097/PRS.0b013e3182958b40,Moderate,Rhinoplasty Society ratings: 95% CI ideal means 93.9–97.3° male; 96.8–100.2° female.
NLA-2014,research,Sinno et al. The ideal nasolabial angle in rhinoplasty,2014,https://pubmed.ncbi.nlm.nih.gov/25068320/,10.1097/PRS.0000000000000385,Moderate,98 general-population volunteers; most aesthetic ~97.0±6.3° male and 104.9±4.0° female; preferences varied with demographics.
NLA-2023,research,Preferred Nasolabial Angle in Rhinoplasty: cross-sectional analysis,2023,https://pubmed.ncbi.nlm.nih.gov/37738132/,,Moderate,"197 Canada/Saudi/Kuwaiti/Lebanese respondents; mean preferred 97.1±6.39° male, 109.5±5.32° female."
NFA-2016,research,Naini et al. Nasofrontal Angle and Nasal Dorsal Aesthetics,2016,https://pubmed.ncbi.nlm.nih.gov/27494590/,10.1055/s-0036-1584234,Moderate,"Idealized male Caucasian silhouette; ~130° ideal, 127–142° acceptable. Not a population norm."
NASOFACIAL-2016,research,Naini et al. Nasofacial angle and nasal prominence,2016,https://pubmed.ncbi.nlm.nih.gov/26880014/,10.1016/j.jcms.2016.01.010,Moderate,"Idealized male Caucasian silhouette; ~30° ideal, 27–36° acceptable."
MENTOLABIAL-2017,research,Naini et al. Mentolabial angle and aesthetics,2017,https://pmc.ncbi.nlm.nih.gov/articles/PMC5292106/,10.1186/s40902-017-0102-8,Moderate,Idealized male Caucasian silhouette; ~107–118° most attractive; up to ~140° acceptable.
SUBMENTAL-2016,research,Naini et al. Submental-Cervical Angle,2016,https://pmc.ncbi.nlm.nih.gov/articles/PMC5083688/,10.1007/s12663-015-0872-4,Moderate,"Idealized profile silhouette; 90–100° most attractive, 90–105° acceptable."
SYMM-2014,research,Taylor et al. Quantitative facial asymmetry using 3D photogrammetry,2014,https://pubmed.ncbi.nlm.nih.gov/24406564/,10.1097/SCS.0b013e3182a2e99d,High,100 healthy subjects; mirrored-surface RMSD 0.80±0.24 mm; high interobserver reliability for quantitative measure.
ICD-2022,research,Expanding the Classic Facial Canons: Quantifying Intercanthal Distance,2022,https://pubmed.ncbi.nlm.nih.gov/35475286/,,Very High,"Systematic review, 67 studies, 22,638 participants; pooled ICD differs substantially by population and often sex/measurement method."
GOLDEN-2022,research,Assessment of the golden proportion in natural facial esthetics: systematic review,2022,https://pubmed.ncbi.nlm.nih.gov/35738927/,,Very High,No significant association between golden ratio and facial evaluation scores across ethnicities; facial height proportions did not consistently follow Phi.
LEGAN-1980,research,Legan & Burstone — Soft tissue cephalometric analysis for orthognathic surgery,1980,https://pubmed.ncbi.nlm.nih.gov/6932485/,,High,Established clinical soft-tissue cephalometric framework; angular conventions may be supplementary/incompatible with photographic systems.
LIPLINES-2023,research,Reliability of analytical reference lines for esthetically pleasing lip position,2023,https://pubmed.ncbi.nlm.nih.gov/37227323/,,High,"S-, E-, and Burstone lines were most consistent in studied Chinese samples; population-specific interpretation required."
ELINE-2025,research,Age-related changes in lip position relative to the esthetic plane,2025,https://pubmed.ncbi.nlm.nih.gov/40263390/,,High,Large cross-sectional sample (n=2961) demonstrates age is relevant for E-line lip position.